"Subgroup","v01","v02","v03","v04","v05","v06","v07","v08","v09","v10","v11","v12","v13","v14","v15","v16","v17","v18","v19","v20","v21","v22","v23","v24","v25","v26","v27","v28","v29","v30","v31","v32","v33","v34","v35","v36","v37","v38","v39","v40","v41","v42","v43","v44","v45","v46","v47","v48","v49","v50","v51","v52","v53","v54","v55","v56","v57","v58","v59","v60"
"1a1",0.348795635148059,0.449137554918817,0.611311260744988,0.66481877745941,0.842861623686728,0.763334651384904,0.378020028653293,0.986746427889204,0.235603256924549,0.0359359598853872,0.112138099331423,0.00354064947468959,0.0228277841451766,0.0336841929321873,0.0113821776504298,0.0354508118433618,0.0361250811843363,0.131168863419294,0.996247115568291,0.043207382999045,0.804734966571158,0.905072244508119,0.155559598853869,0.64858775549188,0.908395081184333,0.604754861509075,0.71280509073543,0.794466628462271,0.718886752626562,0.932234708691501,0.0410438108882522,0.975401929321872,0.927376103151864,0.686061623686721,0.398121289398276,0.123917421203437,0.965457812798473,0.235703791786054,0.571167841451764,0.981297306590256,0.215553170964663,0.76600583572111,0.717219503342886,0.906023037249283,0.801391833810891,0.651415740210117,0.806214164278892,0.776750649474694,0.928756112702959,0.409875606494749,0.6427199808978,0.681501423113654,0.589664164278893,0.549996628462276,0.633542406876787,0.497837774594078,0.429191661891113,0.420114890162367,0.486872588347661,0.244826876790835
"1a2",0.43239254243754,0.327164447835206,0.518091779515545,0.603732424184626,0.81485033377838,0.831210585542628,0.544504005340454,0.986918195689485,0.233734503147053,0.035337917222964,0.106176635514019,0.00422626358954797,0.0264915887850467,0.0290233454129315,0.0117269311462903,0.0348136563036429,0.0335020408163266,0.091818004958993,0.996865153538045,0.0614708563799352,0.794073698264349,0.912615868777417,0.153362063703985,0.599600820141136,0.904854148388327,0.610415964142669,0.76164829296204,0.779150619874113,0.616751707037953,0.910242799923708,0.127421247377456,0.975761033759299,0.92308872782758,0.607750143047871,0.199637688346365,0.292223288193782,0.971960385275601,0.210915697119967,0.512077875262252,0.97849849322906,0.204758706847226,0.804997654014883,0.733757867633034,0.847424642380314,0.807436143429334,0.608241121495326,0.777248464619492,0.783476387564368,0.923931928285336,0.335391798588596,0.614883482738885,0.658182376502002,0.583173850848747,0.551858420751479,0.616387449933242,0.518444783520882,0.444798092695022,0.445708582872402,0.498856856761397,0.227713122258249
"1b1",0.575929623208505,0.508639147018033,0.634072815533983,0.710843169209428,0.828278536754507,0.719061893203882,0.314816631992604,0.985463973647705,0.268728005085531,0.0397927646786874,0.105800254276467,0.0153819694868238,0.0524036985668054,0.094014193250117,0.0467294845122516,0.0614137078132221,0.073363372630606,0.213265349052242,0.991747595931571,0.0597143897364773,0.825354068423488,0.896197376329173,0.236714909847435,0.682908391123437,0.895658922792421,0.61390464632455,0.71075840268146,0.767205790568651,0.757396763754046,0.93576087609802,0.0131858529819695,0.979097191400824,0.728792128987516,0.900697387887198,0.2028213592233,0.0959572006472482,0.977398601479422,0.185902797041145,0.512049294960699,0.97935159500693,0.211563569116967,0.758169914470646,0.709955582524271,0.873076525658806,0.815160413777167,0.687522318539068,0.780518955154879,0.765400820619512,0.934164794267222,0.427935090152566,0.58871923254739,0.684848092926488,0.619853490522422,0.587130987055016,0.585082686084142,0.530300034674064,0.495944140083217,0.469554900601014,0.498718226999535,0.257269637078134
"1b2",0.57769556605211,0.425879094926102,0.576604571080298,0.666993021484074,0.823126085631574,0.795125034283098,0.47539140636904,0.991192640560711,0.164060079232059,0.0244252933109859,0.0669666006399513,0.00586149626695109,0.0297894255675758,0.0337502361724821,0.0262029254913911,0.030452079841536,0.0330575194270913,0.073190172177358,0.996636324851438,0.0543380770988877,0.794127898826756,0.915783757428005,0.139569907054701,0.635959256437603,0.906040728325461,0.582484778302609,0.735716288282797,0.766696906902328,0.698850769465181,0.92616554929148,0.0184918482401341,0.982684915435015,0.713239631266187,0.904079811062017,0.156041353039767,0.173952582660368,0.983239280816697,0.200854578698765,0.389592503428309,0.979520554624405,0.194011945756515,0.781148758189854,0.735854639646502,0.840478561633399,0.82646545786988,0.640865869267101,0.762475239981716,0.769683620295595,0.931733627914058,0.405910894408045,0.550857306110006,0.670207039463658,0.614940850220932,0.598730047234496,0.58788156330946,0.525754974859056,0.50580380923358,0.475642968154804,0.493758997409716,0.241155203413073
"1c1",0.516030857946557,0.431068776371311,0.622819099859354,0.639287299578056,0.827705105485236,0.781796765119547,0.460405302391,0.980241420534447,0.270592714486638,0.0563131645569624,0.167214163150492,0.0116937693389592,0.0655002250351618,0.13334947960619,0.050627735583685,0.0674750351617438,0.0613711392405063,0.210049507735583,0.990646497890287,0.0499643741209564,0.80754724331927,0.904862784810124,0.27222082981716,0.601257102672291,0.924434135021097,0.53620558368495,0.699765330520389,0.761496708860758,0.732072137834038,0.927725133614626,0.0450076511954994,0.976553769338957,0.935891350210969,0.588915344585088,0.197589381153304,0.237793727144865,0.986046511954992,0.127587440225034,0.400187271448662,0.988379634317857,0.12601206751055,0.747950379746839,0.708605808720113,0.89728160337552,0.771497412095643,0.624774796061883,0.862119127988749,0.780572250351616,0.92700521800281,0.435082630098452,0.687009409282696,0.759677791842478,0.634041729957805,0.563477482419126,0.477135583684946,0.426769549929673,0.410321898734173,0.252470928270042,0.357053473980308,0.21721976090014
"1c2",0.551590399113084,0.521399955654103,0.668693192904656,0.694202682926827,0.854672660753885,0.668174966740576,0.220244589800444,0.985257095343676,0.20693467849224,0.0369517738359202,0.122074368070954,0.0119236141906874,0.078391286031042,0.107573037694014,0.0716209312638582,0.05717911308204,0.0611525942350334,0.15646423503326,0.991396629711745,0.0725461197339246,0.819018869179599,0.897561707317074,0.243044323725055,0.645699556541017,0.922655654101997,0.55207800443459,0.603503458980043,0.791702483370283,0.808711064301551,0.948723104212858,0.00898314855875831,0.977410133037695,0.969980731707312,0.444222039911308,0.228231818181817,0.100984057649667,0.986210044345892,0.134466541019956,0.376888470066519,0.989167915742787,0.125817383592018,0.706278957871398,0.679402949002216,0.925730532150774,0.807705986696229,0.663747694013303,0.832119379157426,0.759592084257206,0.935915676274944,0.476014013303769,0.638494013303773,0.730698824833703,0.642074279379158,0.587462150776054,0.526439667405765,0.46980068736142,0.468808736141909,0.39135203991131,0.419180155210645,0.252979778270509
"2a1",0.579112379317744,0.577522098262175,0.659417914610595,0.76712737609955,0.810196567260246,0.606322977901738,0.175679532289208,0.975499635271396,0.392995001072732,0.0654553100193097,0.163430379746836,0.018560266037331,0.0733995923621539,0.106292233426304,0.0431952799828364,0.0892689551598369,0.116652692555246,0.286911564042052,0.988803926196093,0.102764878781378,0.869231581205747,0.861837438317956,0.268243788886505,0.74678899377816,0.862760158764217,0.667573160266037,0.729124737180862,0.782741278695556,0.789536923406994,0.922486977043554,0.0160173782450118,0.968132010298219,0.715355953658014,0.783094657798751,0.747367603518558,0.319043638704141,0.948249109633129,0.271455889294141,0.669577794464705,0.964019244797255,0.281627118644068,0.736451834370308,0.655366809697489,0.859311971679896,0.806337373954085,0.703831109204033,0.797422570263893,0.748748401630552,0.940150311092038,0.434177558463849,0.591420875348638,0.682797704355287,0.630205277837374,0.571307444754345,0.569918579703926,0.534686655224201,0.49682786955589,0.466254816562968,0.511348980905382,0.30041860115855
"2a2",0.542704589757223,0.497595427963852,0.623508966861601,0.714044993797625,0.832446322877902,0.724387205387205,0.320069874180401,0.986793655856809,0.258490005316321,0.0384937799043064,0.100284086478823,0.0105089136983874,0.0387299308878255,0.059023870281765,0.0323836434520645,0.0497823143717881,0.0544574694311536,0.178271150097467,0.994017933723189,0.0492226120857699,0.843887949672163,0.885503473329786,0.201528194222931,0.698644107744107,0.88224866205919,0.655426617047672,0.742561722488038,0.776754899875949,0.741766223639908,0.925603260676949,0.0278117845117845,0.976421088073715,0.747437444621655,0.801502782208047,0.721985132021973,0.18026489455963,0.967247226652489,0.165179922027289,0.604042176147439,0.972295587453483,0.252378415736311,0.764801010101018,0.705437090200244,0.859057132730814,0.813782367534999,0.686162006025162,0.780550629097994,0.766488321814634,0.933471929824562,0.413770033670033,0.589188516746412,0.672328513202198,0.615169112174376,0.573037586390218,0.595476147439306,0.54109004075846,0.495537728158779,0.475634644692538,0.513664469253944,0.267856087187667
"2a3",0.60207883428007,0.53083146455915,0.62992156087923,0.740895455668065,0.822187700666835,0.693530921215116,0.302439738206965,0.985042207952581,0.280429587552483,0.0451137811805385,0.0973004445542111,0.0195340330945913,0.0469589034329463,0.064932477154853,0.0490229192393184,0.0646223758952828,0.0729578414423316,0.213918523092122,0.992044233143983,0.0686485305013583,0.858498765127193,0.871417461101505,0.240263423067423,0.740286786860953,0.857130748332919,0.665193109409733,0.755782020251912,0.763150703877497,0.750964559150405,0.918364880217335,0.0193962953815757,0.976046925166707,0.388537935292666,0.770920894047914,0.820694887626574,0.232871153371202,0.957123536675722,0.221352482094343,0.635547715485303,0.968691454680169,0.258670733514448,0.773474635712527,0.702703260064214,0.812136700419854,0.815795134601135,0.689160459372683,0.766717337614225,0.760537441343541,0.935962533959003,0.42039066436157,0.545970511237344,0.657639713509509,0.613734008397137,0.575248481106449,0.590920350703878,0.559530204988887,0.516618720671772,0.491135712521611,0.53955450728575,0.294438873795998
"2b1",0.385433628142714,0.456818692238899,0.609786047898244,0.677255082977245,0.837882092815268,0.761264453940173,0.393924903110404,0.986854914041538,0.252070634999504,0.0360634005763692,0.112211428003577,0.00418184438040346,0.0225734472821226,0.0315328828381198,0.0111812282619497,0.0353523104442014,0.0366755440723442,0.13602516148266,0.996283911358447,0.0452014409221903,0.827643287290074,0.896343108416976,0.160987558382193,0.670207174798768,0.891557557388455,0.648892308456724,0.746512282619497,0.784593471131865,0.713028311636697,0.922015363211766,0.060906200934115,0.97401271986485,0.844710324952795,0.767662237901223,0.619862665209181,0.245639203020966,0.942680333896457,0.501765855112787,0.602844748087051,0.972015542084859,0.258685869025142,0.780394633807019,0.717034522508194,0.876824346616322,0.802312391930841,0.656307413296228,0.793446119447485,0.778719149359046,0.927770923183944,0.39586493093511,0.630376180065588,0.664470078505414,0.589726453343935,0.538639848951607,0.628214598032392,0.527679608466661,0.448105157507698,0.446584149855904,0.519073864652689,0.264926751465768
"2b2",0.498820219496453,0.555318825048419,0.667018954163979,0.732262194964492,0.815977830858616,0.669927424144612,0.264396630083926,0.981448366688171,0.322638773402197,0.051110858618464,0.15772117495158,0.0129498127824403,0.0489695029050999,0.0860418979987094,0.0311198837959974,0.0672565397030343,0.0917578566817307,0.277072627501612,0.991029748224648,0.0627775468043903,0.85799987088444,0.873682427372494,0.235845693996128,0.716111413815366,0.877886494512589,0.654989438347323,0.717954009038089,0.767629838605549,0.783281601032923,0.929004841833441,0.0288350548741124,0.969306003873463,0.79898193673338,0.806061200774697,0.613557366042608,0.318106752743704,0.941066610716597,0.595515881213688,0.563589954809553,0.964050006455782,0.295583821820531,0.760235855390577,0.688864544867659,0.877866571981924,0.802366442866372,0.68647785668173,0.797636526791478,0.766141136216917,0.93351953518399,0.433701265332473,0.623547165913492,0.686361730148486,0.619038928340866,0.554996100710134,0.582555222724341,0.533676914138153,0.474175416397672,0.446562633957389,0.511508431245963,0.29293805035507
"2c1",0.512641721854305,0.423045632292652,0.571622485020499,0.674246736045411,0.807440271207823,0.755986849574268,0.557214222642699,0.978731567328918,0.341417502365185,0.058091390728477,0.149778240302744,0.0132844528539893,0.054866256701356,0.0692956165247555,0.0265727846105329,0.0704252917060865,0.0706635130873542,0.200056543677074,0.992739514348782,0.0974186376537369,0.826556732891831,0.88888397981709,0.222971838536739,0.688364206874803,0.856023178807946,0.660435162409334,0.790216619362976,0.751301324503311,0.692260832544939,0.894217313150424,0.544945127719963,0.962859728792178,0.754196877956482,0.71441807000946,0.605287984862821,0.652897350993378,0.937936266162095,0.391756102175969,0.654613181961527,0.959962661620939,0.291641816461684,0.821669221065911,0.679431125827815,0.823389624724061,0.783373509933774,0.633447902869757,0.796731945758436,0.772526994638914,0.929669378744874,0.393590097760959,0.632343897824031,0.689203784295175,0.608493598233997,0.537589624724063,0.568916367076632,0.527940491958375,0.464127373068433,0.405673793755913,0.501792715231788,0.271567644276253
"2c2",0.545051285490722,0.465505641254931,0.594178485729198,0.698855816379762,0.826524405693425,0.748393240927034,0.416340457560177,0.980751725165819,0.311141247484916,0.0532677099634844,0.138953349727996,0.0126569640062598,0.0520450927788958,0.0668349504434018,0.0306413592667114,0.0629019450033535,0.0647720172889193,0.187799701915194,0.992953215589843,0.0764712273641852,0.839541873463003,0.887091564200017,0.220228169014085,0.694456248602729,0.871456762799023,0.673091444966093,0.79358956703183,0.753475340934505,0.700443691780313,0.892279506669645,0.0117177136895447,0.970154996646542,0.717885960205677,0.730627461062673,0.599183754378123,0.683824554735822,0.942215068186907,0.396296005663614,0.632725732170803,0.955664036068266,0.292693434682169,0.775857433489816,0.700857761383111,0.816577725612943,0.80066724793203,0.64686060064088,0.803557865712799,0.766207124226853,0.932552418212981,0.402841769133317,0.609126738207022,0.692296057828452,0.618375489976897,0.556255428869512,0.567471294433267,0.518295960950895,0.474587383560628,0.415955466130116,0.491796594381101,0.289506513153
"3a1",0.648798102678571,0.207442075892857,0.22988359375,0.707840736607143,0.458844754464287,0.271741517857143,0.0770839285714286,0.874500111607144,0.574207924107142,0.204523660714286,0.399838950892857,0.0850978794642856,0.440566629464285,0.365744866071428,0.19497578125,0.314368973214286,0.411064508928572,0.451861495535715,0.925108816964285,0.238636049107143,0.890541517857142,0.750979129464287,0.563055022321429,0.967795312500001,0.479240401785714,0.338971763392858,0.8195515625,0.687055468749998,0.470261941964285,0.799297879464285,0.691890624999999,0.660035714285714,0.21287265625,0.33041640625,0.464189620535714,0.923411049107141,0.642809486607143,0.557295424107143,0.894499776785714,0.810419308035713,0.639840066964286,0.748906473214285,0.407018191964286,0.53676171875,0.566445089285714,0.830051785714287,0.791901004464286,0.854298660714286,0.858718526785713,0.926257812500001,0.43958046875,0.717268638392857,0.604383147321428,0.466173660714285,0.338149888392857,0.509308705357143,0.615692075892858,0.289573102678572,0.635026897321429,0.231243526785714
"3a2",0.675249999999999,0.277683658969805,0.195048756660746,0.91473410301954,0.593026021314389,0.267366163410302,0.0568030195381882,0.841423090586146,0.646163321492007,0.235275932504441,0.385894404973358,0.0590792184724689,0.412334724689165,0.375109769094139,0.157396802841918,0.285687388987566,0.350368561278863,0.392054440497336,0.934269182948491,0.238923889875666,0.897459591474246,0.764081261101243,0.578817761989343,0.942946092362344,0.618470959147425,0.450834635879219,0.844155861456482,0.790577175843694,0.37620754884547,0.788998579040853,0.0598526642984014,0.815440674955596,0.0500222024866785,0.0654303730017763,0.0945579928952043,0.996160834813498,0.685967673179397,0.3680986678508,0.925653019538188,0.764181438721136,0.606318827708703,0.675250444049732,0.40075541740675,0.406065541740674,0.62701269982238,0.606586145648312,0.924810479573712,0.672047868561278,0.954713410301952,0.693002841918295,0.534491918294848,0.79590106571936,0.674272024866785,0.490223445825932,0.345807193605684,0.367865630550622,0.484120870337478,0.203765541740675,0.48295808170515,0.358093161634103
"3a3",0.654791447014526,0.402409144701452,0.357747175901022,0.864535395373856,0.76829386767079,0.548888864981173,0.226702044109736,0.909910704679935,0.578728509951586,0.13853803119957,0.303085207100593,0.0447163528778913,0.230149327595482,0.255441635287789,0.175672081764389,0.200322592791823,0.243834427111351,0.229107530930608,0.964743625605166,0.325994405594405,0.879511834319528,0.807161807423347,0.510369445938677,0.895926465841852,0.672240935987089,0.634315384615385,0.870300000000001,0.729265680473375,0.521392092522864,0.779985529854759,0.0795327595481442,0.888431091984939,0.112865626681011,0.152121247982786,0.213306562668101,0.986601990317374,0.768375255513716,0.570178590640127,0.853354706831627,0.766561753630985,0.679669607315759,0.76229300699301,0.532881387842926,0.468324959655727,0.777777891339432,0.609624314147391,0.844626788596021,0.733444647660032,0.940357342657342,0.63389677245831,0.476611135018825,0.700929747175901,0.623703442711134,0.532706455083377,0.488117912856374,0.493154222700375,0.548366594943517,0.354860301237224,0.605555997848306,0.453942657342658
"3a4",0.669426019417476,0.411738511326861,0.346494627831715,0.870124401294499,0.776450161812296,0.561139805825242,0.244224077669903,0.934159805825243,0.500969190938511,0.127903106796117,0.234089967637541,0.0185235598705502,0.197881618122977,0.179763754045307,0.109712621359223,0.131579546925566,0.141572362459547,0.219275404530744,0.979352362459546,0.1667,0.894880582524271,0.811244401294499,0.398500323624595,0.888450032362458,0.711340711974109,0.579901359223301,0.83632077669903,0.784430291262136,0.540336763754046,0.790678576051778,0.0348920388349514,0.890304983818772,0.0998133980582525,0.128097734627832,0.196855533980583,0.986983236245953,0.867,0.189442200647249,0.839364271844658,0.845173462783172,0.587662006472491,0.689517087378642,0.535617475728155,0.576161100323623,0.743346925566343,0.549129708737863,0.906052427184466,0.693141100323624,0.952250355987056,0.624826019417476,0.54108491909385,0.79056705501618,0.674064530744337,0.523949385113269,0.384220453074433,0.395816440129449,0.472919676375403,0.211896310679612,0.465977669902911,0.333466019417476
"3b1",0.665061140550089,0.55698485995458,0.592219051223822,0.825570123643705,0.75822816048448,0.488941155690135,0.158183219782993,0.834200958869544,0.661134115569011,0.306394549583647,0.575207746656571,0.205576053494827,0.213049053747162,0.303446379005805,0.183586802927075,0.339423694171083,0.636713651274288,0.534386045924803,0.881392455210699,0.437188291698208,0.798738051980823,0.826427378248801,0.668988039364119,0.859860661115317,0.749370804945751,0.662000428967955,0.822309487761796,0.694110648498613,0.706049533181934,0.815808099924299,0.0710055765833964,0.935140928589452,0.134387257128438,0.234506863487256,0.324756977037597,0.979335705273781,0.700748422911936,0.769520691395407,0.794818470855411,0.774253797628057,0.695002195306588,0.763675624526878,0.591696366389097,0.44287776936664,0.726832576331061,0.6258555892001,0.850425813777443,0.755396896290688,0.935678021700731,0.541965455463032,0.558138733282867,0.713146454706029,0.629487988897298,0.498135755740602,0.477191496341158,0.536965203128943,0.488321271763817,0.426749810749433,0.584757305071916,0.494445369669441
"3b2",0.698497279651797,0.587848385926731,0.655475843307943,0.785676387377583,0.78525455204933,0.52471204207472,0.173593942691331,0.847826332970621,0.569028472977874,0.284809865796154,0.65915324628219,0.289013166485309,0.190745665578528,0.198739318099384,0.171159412404788,0.334445012694957,0.725964163946319,0.495957453754081,0.825883859267319,0.496621653971709,0.739859920203119,0.823600834240116,0.721984076895176,0.850403119332612,0.746278418570909,0.697880594849475,0.811608922742113,0.544185128763148,0.754307326804496,0.828651976786362,0.0265802684076895,0.959668335146898,0.0686402248821181,0.100671998549148,0.142016938701487,0.994139717083782,0.558047733043164,0.927253681537905,0.610269205658325,0.738205803409502,0.736271454479506,0.786272687704028,0.626988864708014,0.383911244105911,0.770162749365252,0.623476278563655,0.787118171926007,0.805153028654335,0.91143482045702,0.573787558940879,0.462573630758072,0.625258287994198,0.565817918026844,0.493343090315561,0.484318679724339,0.59833721436344,0.533749474066014,0.488826949582881,0.6600011606819,0.555078200943055
"3c1",0.683467018469656,0.517477528583992,0.472767590149516,0.882376912928761,0.695032409850483,0.399926517150395,0.113625945470536,0.77430756376429,0.72331437994723,0.399957124010553,0.477584168865436,0.125121943711521,0.388492392260333,0.439265259454706,0.17071147757256,0.388647361477571,0.417741600703606,0.538201583113457,0.90546508355321,0.271043579595426,0.838057211961302,0.799815259454706,0.654392304309587,0.866058443271769,0.775793667546174,0.560889973614777,0.818943227792436,0.814976253298155,0.634508003518029,0.806021547933155,0.0315153034300791,0.898802594547055,0.0741659630606861,0.10801380826737,0.184041600703606,0.992395690413368,0.788767985927881,0.460477352682497,0.871822339489887,0.819329507475811,0.588904969217238,0.675481706244504,0.488007036059806,0.382386235708002,0.55287295514512,0.567279067722076,0.949238126649079,0.647025989445909,0.965524450307827,0.502207299912049,0.679472559366756,0.817247185576077,0.6834281882146,0.449974890061565,0.299839006156552,0.338919876868952,0.334815215479332,0.1943,0.319509454705365,0.386417370272647
"3c2",0.649957440029987,0.526558995502252,0.56065601574213,0.832719865067464,0.765508264617693,0.547414449025487,0.20425176161919,0.864861206896552,0.659819996251875,0.3061565029985,0.456265254872565,0.0926401799100446,0.225292016491754,0.314762631184409,0.143195520989505,0.304228279610195,0.454722601199399,0.532021889055471,0.934541866566717,0.282982327586207,0.84874763868066,0.822050056221886,0.580879441529236,0.846669565217391,0.780607964767621,0.621011263118442,0.807680172413796,0.770027867316336,0.685754329085456,0.819330509745128,0.0563565779610195,0.928818365817091,0.212508077211393,0.389005734632683,0.556310344827586,0.940738605697148,0.82791913418291,0.546240104947524,0.828434688905547,0.86391656671664,0.589330940779612,0.730368272113947,0.574444471514239,0.558490779610195,0.650339898800599,0.608718365817088,0.911260288605693,0.709434988755624,0.951515123688159,0.486487031484256,0.647953785607197,0.780415348575712,0.676842297601199,0.482541004497751,0.397564617691153,0.439933864317839,0.387782440029987,0.273862106446777,0.427429254122938,0.402115835832086
"4a1",0.625396960167713,0.609991509433962,0.711793675751222,0.764969147449337,0.768405136268345,0.54088071278826,0.173831167016073,0.896958141160027,0.561556638714187,0.141416247379456,0.574440566037736,0.187621034241788,0.10848787561146,0.220236023759609,0.429536827393431,0.286136652690425,0.657690950384348,0.514742557651992,0.885849161425577,0.436898252969951,0.790496505939901,0.833996331236898,0.69259748427673,0.828206149545772,0.785078825995807,0.684337141858841,0.773109468902866,0.582622152341021,0.795592732354997,0.874796366177499,0.0416590146750524,0.9655571278826,0.404392767295596,0.706111914744933,0.783958245981831,0.69230394828791,0.738729419986022,0.854909923130678,0.650506009783367,0.862449161425577,0.619694479385046,0.795558770090847,0.667324109014675,0.644050279524809,0.799584870719777,0.637189308176102,0.730607756813418,0.802282844164918,0.91454067085954,0.569639028651292,0.429740600978336,0.574646051712089,0.517875925925928,0.4899714185884,0.534598008385746,0.62100213137666,0.559961355695318,0.570125576519916,0.695207162823201,0.508350803633823
"4a2",0.647331515151515,0.580464636363635,0.664699545454545,0.790054303030303,0.776083363636362,0.525388121212121,0.16271096969697,0.843973454545454,0.653945363636364,0.339004181818181,0.616966939393939,0.251050515151515,0.177466151515152,0.309245757575759,0.230579151515151,0.368397848484848,0.716885969696969,0.541448575757575,0.863613030303034,0.488966424242423,0.757978848484847,0.849838727272728,0.696960393939395,0.831984515151514,0.792593393939394,0.660451,0.759332848484848,0.626911606060606,0.768640393939392,0.859988333333333,0.0435302727272728,0.95620296969697,0.389000303030303,0.606291787878787,0.771621363636365,0.813909454545456,0.781534757575757,0.754687454545453,0.762879606060608,0.851878757575759,0.68161806060606,0.75593181818182,0.628473424242423,0.621057363636364,0.756913515151513,0.638929242424242,0.810726,0.785377909090909,0.923092606060605,0.571322606060605,0.527700606060607,0.663262848484849,0.58464687878788,0.512124272727272,0.54348193939394,0.573464121212122,0.51703396969697,0.501003606060606,0.638003515151517,0.488724515151515
"4a3",0.655722519612367,0.615916935856021,0.698711398246423,0.781943654822336,0.765528380249193,0.497579972311952,0.155125888324873,0.823014674665437,0.591612321181355,0.236598984771574,0.654470281495153,0.382645085371481,0.119059944623904,0.402167835717582,0.460066728195662,0.413107060452237,0.733256345177667,0.510528011075218,0.770914490078449,0.554830826026764,0.661434517766497,0.799749007844947,0.82535200738348,0.818627780341486,0.806097231195199,0.663301292108907,0.774773004153207,0.542824319335487,0.789508952468852,0.862296908167975,0.0525015228426396,0.963597554222427,0.307986709736963,0.503329487771112,0.612103091832027,0.912661421319796,0.677141808952468,0.848692339640056,0.702786940470698,0.787256068297184,0.733763267189663,0.76295463774804,0.627473327180435,0.56879104753115,0.772311213659438,0.630047715736041,0.77642538071066,0.815202445777571,0.906681910475312,0.595730641439777,0.458964051684355,0.617130549146285,0.540427549607753,0.488567651130594,0.522672265805263,0.597390032302723,0.549676188278727,0.551900461467468,0.679464974619291,0.529270096908167
"4b1",0.628330985915493,0.570871451787648,0.663957421451788,0.784441224268688,0.785616684723728,0.596703358613218,0.251564030335861,0.788377627302275,0.660797995666305,0.237575460455039,0.576083044420369,0.142516684723727,0.135870151679306,0.691825027085591,0.444229577464789,0.556502925243769,0.543682123510292,0.436217768147346,0.79920877573131,0.529846316359695,0.596720801733478,0.814298970747563,0.842896695557965,0.75004360780065,0.872981202600217,0.598877356446371,0.706106175514625,0.615625352112675,0.768013651137594,0.89577952329361,0.0490485373781149,0.965627410617551,0.462996587215601,0.789306825568799,0.590711538461537,0.702597562296858,0.882261971830987,0.457392416034669,0.786945070422534,0.895398429035754,0.641043391115926,0.720092470205852,0.637261809317444,0.758289111592633,0.755820530877573,0.622396966413868,0.822482990249186,0.772833261105091,0.930915113759482,0.542111375947996,0.567558017334778,0.672531040086673,0.56770991332611,0.54292383531961,0.563307638136511,0.522270205850488,0.526736132177682,0.527981906825569,0.611153683640304,0.442379848320693
"4b2",0.636181223922116,0.584876077885952,0.645344749652293,0.802158101529903,0.758125000000001,0.519837239221141,0.171632301808068,0.854413143254521,0.659410917941586,0.279749791376911,0.514561613351876,0.166405910987482,0.202217872044506,0.465765299026426,0.365578442280945,0.40089342837274,0.562285222531294,0.51220997913769,0.892307127955491,0.430432336578581,0.779394958275383,0.833135465924897,0.706398157162726,0.806589847009736,0.825517837273992,0.613083275382475,0.734540994436718,0.698022983310153,0.767620027816412,0.872025521557719,0.0446099791376912,0.943307927677329,0.42428383171071,0.662604763560501,0.80033421418637,0.724623122392213,0.871000069541031,0.461272531293463,0.798417246175243,0.908512134909599,0.57780528511822,0.723711265646733,0.602144089012517,0.710491968011127,0.734705667593881,0.651914151599444,0.843727677329623,0.757273226703758,0.934755771905425,0.546685361613351,0.569694575799724,0.711386196105703,0.610521175243395,0.524388351877608,0.521291620305982,0.517555250347706,0.488180702364395,0.463055598052852,0.581847218358832,0.417643671766343
"4b3",0.624052931506849,0.583088821917807,0.708471506849316,0.76871501369863,0.780392602739726,0.561069095890412,0.192614904109589,0.894763178082193,0.578232986301369,0.194752438356165,0.493523726027398,0.188702684931507,0.115286575342466,0.426715890410959,0.402770794520548,0.376237369863013,0.585973863013699,0.498223726027398,0.891372547945205,0.40600909589041,0.774470301369863,0.839963671232879,0.708581479452054,0.788172328767123,0.838562191780822,0.639714739726026,0.696079452054794,0.642700876712328,0.809482465753424,0.90655589041096,0.0201428493150685,0.970662958904108,0.43252104109589,0.818605260273974,0.807408109589042,0.254051506849315,0.881859232876713,0.656319178082191,0.676270465753425,0.924191287671235,0.547507726027397,0.757570082191783,0.667606849315068,0.770473095890414,0.794477534246576,0.65266504109589,0.767216109589039,0.777859835616438,0.928413095890412,0.549122082191779,0.514535178082192,0.630843999999999,0.562915232876712,0.535481808219179,0.560326684931506,0.58230602739726,0.538079671232875,0.552011890410957,0.635945534246575,0.446813698630137
"4b4",0.608948758782201,0.584350210772833,0.684247400468384,0.770939391100704,0.783713348946137,0.590742107728335,0.248030351288056,0.904879625292741,0.552100796252927,0.146434051522249,0.427106370023421,0.151382716627635,0.105603512880562,0.463895362997658,0.51607138173302,0.349057798594847,0.500768243559718,0.477145292740047,0.896328758782201,0.397212740046838,0.775920187353629,0.826722669789228,0.735975409836065,0.785530444964871,0.834819484777517,0.655672459016393,0.759311803278688,0.657181686182671,0.779961545667447,0.886503653395785,0.0591635597189696,0.968279999999999,0.466421873536299,0.80176018735363,0.673597939110069,0.693851428571429,0.865910866510539,0.714423044496487,0.691006932084308,0.904297283372365,0.551439999999999,0.776331053864171,0.673445199063232,0.760074519906321,0.78981156908665,0.648674051522249,0.772196393442623,0.773019812646368,0.930556580796255,0.519240327868852,0.528854473067917,0.650862622950821,0.571688665105387,0.534910351288056,0.547989648711945,0.567401030444965,0.534039625292739,0.545881030444964,0.618458266978924,0.4414850117096
"4c1",0.65764654454621,0.600198709408824,0.704791382181515,0.777342298084928,0.765728309741883,0.54111960865945,0.18932368859284,0.795261074104911,0.529456161532057,0.141061448792673,0.522471273938383,0.443132847626977,0.0551002914238135,0.697436802664446,0.653797543713571,0.431031681931722,0.499063613655288,0.338463197335555,0.619765278934222,0.623368234804329,0.450611407160699,0.663883597002498,0.926175062447961,0.747957826810992,0.880165820149876,0.552687552039967,0.668400291423814,0.537671357202332,0.798194712739384,0.921887052456289,0.0316467110741049,0.972139050791009,0.490336053288925,0.702089550374688,0.804036552872606,0.564133388842631,0.86389329725229,0.529935845129058,0.77655845129059,0.880567776852624,0.693316278101581,0.72559537885096,0.637392672772689,0.73213151540383,0.769886386344713,0.621354662781016,0.763060616153205,0.814887926727727,0.907247210657787,0.599725353871773,0.494177810158202,0.61986773522065,0.523656536219818,0.522663905079102,0.524678601165695,0.532290299750208,0.57181278101582,0.595348875936719,0.667861990008325,0.470687135720232
"4c2",0.642750637450198,0.637204183266932,0.734380159362549,0.772211752988048,0.740469482071713,0.515961673306773,0.174833187250997,0.872750478087649,0.501444223107571,0.0715729083665339,0.309787131474104,0.327260717131474,0.0455115537848606,0.277348007968128,0.832817808764941,0.326572031872509,0.349778924302789,0.356316972111555,0.712349322709163,0.586514780876494,0.561646533864541,0.66116657370518,0.903521992031872,0.767690996015938,0.862656294820714,0.597704023904384,0.703292908366532,0.564033187250995,0.822314183266932,0.918494422310759,0.0330503585657371,0.975294701195218,0.462355856573705,0.708703386454181,0.826982948207172,0.42466733067729,0.867652988047807,0.575912988047808,0.746399880478087,0.883125657370515,0.672459402390437,0.755539402390441,0.660009800796814,0.731542191235059,0.790851792828686,0.633609601593627,0.71521187250996,0.829887928286853,0.897425697211157,0.596995418326693,0.445429721115538,0.583783745019921,0.504254980079682,0.496022430278885,0.534819561752989,0.568961354581673,0.588520756972113,0.638909760956177,0.670424262948208,0.483607091633466
"5a1",0.581043831742666,0.51910162601626,0.633837363025804,0.740586037469071,0.804515376458114,0.682686390950865,0.371413856486391,0.930860056557089,0.470124178154824,0.153744008483564,0.355092082007778,0.0759158006362672,0.175333828207848,0.425733757511489,0.27988197242842,0.270970060091904,0.298319229409686,0.393952315305762,0.940916967126194,0.233265288087664,0.789463308589608,0.848523860021208,0.622919794980558,0.727591551785083,0.870916896429833,0.612878048780488,0.758327253446449,0.717163520678687,0.745234570519618,0.887791127606929,0.0950332979851537,0.962872781901733,0.697792930364088,0.758647225167903,0.27972294096854,0.734538776952988,0.938893955461293,0.324720183810533,0.679318239660658,0.949202969247085,0.397061117002475,0.749956309650056,0.669895934959352,0.819363520678685,0.756342135030045,0.64565012371863,0.843172357723577,0.759051078119474,0.935429480381759,0.474767161541181,0.637470413573701,0.746121102863201,0.624520926122306,0.556853517143868,0.492724001413927,0.48045991516437,0.454214528101802,0.379990526687875,0.459473347472606,0.323367444326616
"5a2",0.536220852921425,0.481051410342511,0.652230926796508,0.68696997985225,0.825718905305574,0.717091470785762,0.395403357958362,0.952226091336467,0.40587360644728,0.121170282068503,0.307333747481532,0.0382054063129617,0.166181564808597,0.360742578912023,0.16608912021491,0.180462726662189,0.159577703156481,0.371484687709874,0.966686568166555,0.110745735392881,0.804220617864339,0.874116756212221,0.520860141034252,0.663395298858295,0.904841034251173,0.564982337139018,0.712224345198119,0.735135090664877,0.765097582269979,0.908683143049028,0.103506346541303,0.965823774345198,0.869590026863668,0.611914170584287,0.311686971121557,0.575552451309603,0.968939187374074,0.199554298186702,0.572581396910678,0.97856061114842,0.213961349899262,0.728118838146409,0.66911729348556,0.880629919408997,0.733952048354602,0.626041672263264,0.882417226326393,0.766262189388851,0.933097044996643,0.475788213566153,0.713586165211552,0.777907286769643,0.633463398253863,0.538291202149094,0.404477333781061,0.411217058428476,0.378902854264608,0.228321759570181,0.336666487575553,0.255145298858293
"5a3",0.582265178811507,0.569399865555255,0.669355794568432,0.763660043022318,0.798007582683517,0.59933065340145,0.23562454961011,0.934266335036298,0.491825410056466,0.167883382629739,0.361316509814466,0.0554227480505513,0.198623097606884,0.368701747781662,0.163689943533208,0.227707986017747,0.275550631890293,0.447684135520301,0.958077144393654,0.15001763915031,0.841790561979027,0.850972519494488,0.53377208927131,0.736635009411132,0.876477897284218,0.611358725463836,0.722025920946489,0.755027346060767,0.79549462221027,0.896071443936543,0.0476559827910729,0.957130250067221,0.673667733261628,0.751022882495294,0.683188975531056,0.614958214573812,0.944764425920949,0.278133154073675,0.666178650174778,0.961261763915033,0.306192686205969,0.707244528098951,0.624425006722237,0.827847001882228,0.725706426458725,0.649916375369723,0.879895025544501,0.738337644528097,0.943290535090078,0.474577762839471,0.666491261091693,0.771167706372681,0.651644716321592,0.533512126915839,0.449332750739447,0.449114197364883,0.399364667921487,0.301987846195213,0.394989593976876,0.303419763377251
"5b1",0.583196858385694,0.564240615434187,0.668374238762686,0.75529052682455,0.801011905912681,0.612243805381021,0.235936603834383,0.951102126631226,0.425845239246016,0.109468535524408,0.320495569518284,0.0737400193330108,0.138141034316095,0.384040808764299,0.220963637828258,0.209254728532302,0.310316062510068,0.389576848719187,0.955299242790398,0.179515466408893,0.824941018205252,0.860577992589014,0.552863605606576,0.725668664411148,0.880739729337847,0.613388883518611,0.68798952795231,0.751621362977282,0.796728274528755,0.923473900434998,0.0313498469469954,0.96818023199613,0.675959384565813,0.817875849846947,0.637679764781695,0.156885596906717,0.960556613500885,0.26933344610923,0.58538678910907,0.970843289834059,0.284454067987757,0.727904736587725,0.658580956984047,0.865514499758336,0.788684598034478,0.683271161591752,0.815594055099081,0.749503012727567,0.939636168841634,0.46376222007411,0.608511857580152,0.714275398743356,0.629922184630257,0.571810375382633,0.538164459481231,0.507630481714192,0.476181053649102,0.438469711615916,0.489770597712258,0.308159094570647
"5b2",0.581459096109841,0.520989569031276,0.66059706331045,0.719425476735315,0.817119584286807,0.689980530129673,0.330116209000764,0.936386346300535,0.388417105263156,0.0938903890160189,0.346435945842866,0.0965829138062543,0.154017067124333,0.524634096109839,0.362873760488175,0.254182856598018,0.267899256292906,0.371592543859648,0.911436365369951,0.231590350877192,0.742431502669715,0.840835125858125,0.692139263920673,0.681723226544619,0.904232189168575,0.551188176964152,0.674140122044238,0.712172826086957,0.774627555301294,0.926568020594965,0.0264045194508009,0.976164321128907,0.737529271548435,0.796670156369183,0.183147921434018,0.14938245614035,0.976329214340197,0.165566819221967,0.52258619374523,0.978460526315786,0.27573037757437,0.73280957284516,0.692956826849732,0.879594984744466,0.769400686498857,0.654662070938212,0.83649204805492,0.767150019069413,0.933187223493516,0.483309134248664,0.637961803966438,0.740647482837528,0.617997463768118,0.572968497330285,0.492163863463004,0.470011193745232,0.467328546910756,0.396411041189931,0.444618935926774,0.305588138825326
"6a1",0.611226954492415,0.593754579929987,0.708614177362894,0.767151254375728,0.781383751458578,0.578839002333722,0.191712281213535,0.947009218203035,0.512688652275377,0.125445245040841,0.375184976662777,0.0775560385064176,0.086619544924154,0.196443728121354,0.158260093348892,0.202350729288215,0.442796645274213,0.439020565927654,0.961035064177365,0.257174474912485,0.862807263710617,0.847772520420072,0.478392065344224,0.797767123687283,0.820487864644107,0.673572549591599,0.717688185530921,0.685344778296388,0.810080513418903,0.915386056009334,0.0154266627771295,0.973331213535592,0.399994253208867,0.813948803967328,0.823177887981331,0.2462514294049,0.865374912485416,0.738205105017501,0.635005571761959,0.929897141190196,0.483973978996499,0.785997053675615,0.690293786464412,0.77090125437573,0.819707292882148,0.665258343057178,0.729941773628938,0.772221761960327,0.930663623103854,0.498691423570595,0.50376015169195,0.600617823803968,0.559905250875146,0.53181837806301,0.582135880980164,0.596178850641775,0.542191015169195,0.550303879813303,0.642252333722287,0.422218553092181
"6a2",0.595327766047298,0.577465371621621,0.680949915540542,0.757393243243244,0.793862141047297,0.621911190878379,0.267841469594595,0.957086549831081,0.445796706081082,0.103028483952703,0.32357869510135,0.0763657939189188,0.0841149915540543,0.242736528716217,0.177636127533784,0.193032411317567,0.365857685810811,0.427584670608107,0.96488880912162,0.197211233108109,0.858097086148651,0.850075443412162,0.483368517736488,0.782189421452703,0.825071241554052,0.69004009712838,0.76678120777027,0.690672888513513,0.780144615709457,0.896743728885137,0.0336677153716216,0.971890730574326,0.45182643581081,0.819950232263515,0.684667736486486,0.66923429054054,0.869948986486488,0.777014062500003,0.597710853040539,0.915005320945946,0.469443032094594,0.796634945101356,0.696193222128377,0.779486021959458,0.813267905405401,0.666994847972972,0.746647635135134,0.769219869087837,0.932288365709459,0.464877808277027,0.543814125844593,0.639741300675674,0.586894172297297,0.548125760135135,0.581220713682433,0.584714379222974,0.525838788006758,0.517526541385135,0.601060515202704,0.398735663006756
"6a3",0.61569536799707,0.604139198095938,0.690492292200659,0.766581050897105,0.783019992676678,0.588615745148298,0.206765324057123,0.94572319663127,0.519061332845113,0.120432991578176,0.403982350787254,0.0693863603075795,0.0858819480043941,0.131201208348591,0.107539271329184,0.176100054924936,0.465978249725375,0.433882222629074,0.962635188575612,0.28273116074698,0.868249835225194,0.845346136946172,0.442650787257417,0.823817502746245,0.77494730867814,0.71572466129623,0.795260746979131,0.641036964481877,0.780200860490662,0.879783357744418,0.0259803002563163,0.969381948004394,0.319039912120103,0.686210838520687,0.778227755400952,0.765620633467595,0.772815854998169,0.850603167337974,0.627510417429513,0.875875613328455,0.54350285609667,0.81646702673014,0.691244800439396,0.678881471988279,0.821031014280484,0.64721931526913,0.708071695349688,0.781808769681435,0.925790955693883,0.490942768216769,0.467721530574881,0.568242878066642,0.534068528011715,0.514498608568289,0.570827444159648,0.61479322592457,0.557261094837056,0.558314573416332,0.671267960454045,0.473650347857932
"6b1",0.59079096960284,0.538610361659641,0.621231506545375,0.760117017972044,0.801929642777901,0.657824140226315,0.31463667628134,0.964700665631241,0.455864122476148,0.0964028400266259,0.213027002440648,0.0481157754603949,0.0913059906811627,0.146210139782561,0.0714372531617487,0.147160550255158,0.163837541601953,0.346606523186154,0.982416507654753,0.160207410694476,0.871624783669847,0.851680031062789,0.369125759929,0.776720079875749,0.814993143998223,0.716841624140227,0.812618881739517,0.726712136676282,0.727120102063455,0.875143621033948,0.0797248724206788,0.962506035056578,0.5261016640781,0.713211448857332,0.712062036831592,0.761614555136456,0.882083714222322,0.641279720434878,0.712217328599955,0.9206387841136,0.412157333037496,0.795306478810742,0.673254226758374,0.764200643443532,0.800746549811405,0.675694075881962,0.781224140226316,0.761050366097181,0.935055935211896,0.420804060350566,0.574145728866209,0.668780652318616,0.609134856889284,0.539082005768804,0.570085001109385,0.563577501664077,0.514594209008207,0.478896982471712,0.569299289993346,0.357106856001775
"6b2",0.625609410288581,0.565942910915937,0.630514648682559,0.782944981179421,0.803922898368884,0.614455363864492,0.206411606022585,0.965067126725217,0.45045878293601,0.0807106336260981,0.171880677540779,0.061852791718946,0.083519165621079,0.122778074027604,0.114239899623589,0.146021800501882,0.149271455457968,0.310577572145548,0.981217189460476,0.197427823086574,0.879258814303639,0.840555144291091,0.388748337515684,0.805803701380175,0.800669698870764,0.70884617314931,0.799585539523211,0.747119604767879,0.744212892095355,0.888093161856968,0.0269213613550816,0.962107277289837,0.295688456712672,0.565451317440401,0.889532496863237,0.591888017565871,0.897354705144291,0.358549874529485,0.788737829360101,0.939865464240905,0.394650784190715,0.781559002509414,0.668338550815559,0.731253670012547,0.810919071518192,0.688487421580929,0.769902132998746,0.75750947302384,0.936535759096615,0.444623149309912,0.527877791718946,0.636937986198244,0.601214491844419,0.549161323713927,0.575636166875784,0.576245420326224,0.543727352572146,0.510377854454205,0.590178136762861,0.392184629861982
"6b3",0.610891783100465,0.559084763805722,0.611585761809712,0.787817997338657,0.795401230871591,0.60376347305389,0.213764570858284,0.935497305389221,0.619513173652695,0.131706220891551,0.184818962075849,0.0593172322022621,0.10756743180306,0.116739055222888,0.0744267465069861,0.182525748502993,0.15829630738523,0.306011210911511,0.980676546906189,0.379725449101797,0.865844178310044,0.850082268795742,0.384203193612774,0.824263306719893,0.76633240186294,0.733323885562211,0.830397737857619,0.709545043246842,0.716104258150365,0.86365505655356,0.0684618429807052,0.952656886227545,0.382160944777113,0.58394141716567,0.782146307385229,0.787130705256155,0.812390552228877,0.627698236859615,0.812205389221555,0.899806121091152,0.496721823020626,0.807245276114441,0.654561942781107,0.669524850299402,0.813095109780441,0.65818878908849,0.733152661343979,0.756974517631405,0.935736227544909,0.434969760479042,0.499768363273454,0.574596007984031,0.542036227544911,0.498157917498337,0.57539773785762,0.580585163007319,0.546819361277446,0.575824318030606,0.668896673320027,0.453063007318696
"6c1",0.638798646153846,0.510701876923075,0.581647784615385,0.781325415384615,0.764379753846155,0.578132615384614,0.215775692307692,0.936145415384615,0.535431015384615,0.169809292307692,0.310048153846155,0.0564787076923077,0.167971876923077,0.21248633846154,0.108771015384616,0.185471415384615,0.267234276923078,0.461128092307691,0.968678492307692,0.150126153846154,0.889563538461539,0.809104861538458,0.451785907692309,0.829022430769229,0.790105138461537,0.600898307692307,0.768331169230768,0.759954153846155,0.715248061538461,0.860380861538462,0.0639110461538461,0.920160676923075,0.262264123076921,0.546361415384617,0.856374953846153,0.699670276923077,0.88896716923077,0.386448769230769,0.782327323076922,0.934859076923076,0.437962984615385,0.73827430769231,0.597093538461539,0.703966430769231,0.669121046153846,0.66304353846154,0.889284646153845,0.751301723076922,0.934848092307691,0.562556830769231,0.613783815384618,0.781546676923077,0.660133107692308,0.497902707692308,0.421763630769231,0.45230036923077,0.435817630769231,0.272107569230768,0.443489630769231,0.325979415384614
"6c2",0.606762063377745,0.585511829312209,0.646551782499102,0.794225729204177,0.779536532229027,0.565072164205978,0.217859776737488,0.928486748289521,0.54953734245589,0.181165124234784,0.404532625135035,0.073151944544472,0.15181643860281,0.289865574360823,0.125733345336695,0.250356589845157,0.408738116672667,0.465313305725599,0.956072902412677,0.22152079582283,0.856157436082104,0.845937252430676,0.50657151602449,0.788261289160967,0.830612675549153,0.665731328772058,0.767139232985233,0.746953781058694,0.769755257472093,0.876972002160608,0.0547749189773136,0.954038620813829,0.482128898091463,0.696809272596324,0.747992401872524,0.718189737126393,0.893050558156285,0.508641555635576,0.740214097947424,0.925663053655027,0.443116582643143,0.743554699315812,0.623427655743605,0.766181634857758,0.764734281598846,0.670670525747209,0.838954753330934,0.737873190493339,0.94368073460569,0.458770993878286,0.60391595246669,0.723328195894852,0.643129258192293,0.545289539070939,0.519307562117392,0.519640367302843,0.462895786820308,0.412211955347497,0.51280527547713,0.365692167806985
"7a1",0.598707318467697,0.516979116638082,0.62590966266438,0.716675114351054,0.815372198399092,0.741997584333902,0.485949757004001,0.992192066895362,0.134224942824472,0.0197632790165809,0.0502255574614066,0.00280101486563751,0.019932790165809,0.0195330188679246,0.0240826901086335,0.0191770440251572,0.0270508862206975,0.0340584190966265,0.997637735849057,0.132028630646084,0.811506375071471,0.894485062893084,0.100182489994282,0.724778173241851,0.846503644939964,0.674095368782163,0.771076672384221,0.697217395654657,0.746217395654662,0.907560148656375,0.0216711978273299,0.977931189250996,0.399162950257286,0.751368453401944,0.823283805031445,0.511003959405369,0.883309934248145,0.769895397369928,0.401754302458543,0.915032890222984,0.508965451686678,0.822476915380227,0.713839594053746,0.698941337907373,0.849221069182393,0.54288273299028,0.603706232132647,0.77035350200114,0.929869654088045,0.447222427101202,0.393091409376785,0.485803387650082,0.50980260148656,0.558015708976555,0.62005653230417,0.594766595197254,0.560646769582616,0.568512292738705,0.633529173813605,0.491612692967413
"7a2",0.58576381410505,0.558419435177277,0.663445496159516,0.739085988051829,0.806028598029326,0.670698494840561,0.298964861509816,0.983511622313607,0.325047847001327,0.039933648847855,0.0918635580727749,0.0144779113973155,0.0364430211808519,0.0432827915276596,0.0279420513616263,0.0590766312359376,0.0702995112111111,0.195762821010163,0.993313895569876,0.110587423384281,0.866931716967961,0.8590274264877,0.202080037241059,0.776067460625336,0.812772371789898,0.717352331445421,0.79313119714485,0.691288338893628,0.760102443944441,0.902565955465897,0.0331037706571495,0.974058724493752,0.449587733726432,0.7836469935604,0.752507549072855,0.637923089456127,0.8499091706106,0.780267468383891,0.599808503374968,0.924591675071769,0.412981651020249,0.824281348436645,0.72257201489642,0.742017549848709,0.830557095197457,0.653097982776005,0.689392753510746,0.781286492357837,0.926395756071062,0.438955186593218,0.48914285049267,0.55482209636124,0.539922034292807,0.524303677554503,0.609872503685313,0.610044068585615,0.556838381565676,0.561434929009234,0.637562875320038,0.415118907595627
"7b1",0.600450063629424,0.587657864596589,0.6947804403156,0.75404168999745,0.794906172053961,0.623787185034359,0.217466607279207,0.978846665818264,0.382242440824641,0.0490638075846276,0.123386116060066,0.0246070374141003,0.0412185034359888,0.0641771188597611,0.0514596971239504,0.0812427971494019,0.122262013234921,0.261658449987273,0.989392580809357,0.140464125731738,0.874737897683894,0.851035963349452,0.257044884194454,0.791703703232373,0.816525413591246,0.691637719521506,0.739721659455326,0.701541613642144,0.798656884703487,0.924906693815222,0.0141416263680326,0.976155726647994,0.390000852634255,0.812491219139731,0.784120221430391,0.164401654364977,0.869129104097739,0.712902354288624,0.623678849580042,0.940757877322478,0.417432565538307,0.807632501908884,0.720696411300585,0.760489959277171,0.831674713667608,0.670076291677267,0.69002153219649,0.779801616187324,0.927427042504455,0.46773833036396,0.481561338763043,0.548800254517688,0.540028251463476,0.522056515652837,0.603495062356835,0.613420043268009,0.561530185797913,0.572656133876305,0.648998040213794,0.417288533978116
"7b2",0.578790515367898,0.52968562558212,0.650524122943186,0.722280797888853,0.812727941633036,0.714822586153366,0.373170925178516,0.991138869916169,0.192126342750698,0.0245029649177275,0.058899192797268,0.00494251785159888,0.0205691555417572,0.0250386060229742,0.0159542067680844,0.0301124340266998,0.0346682707233779,0.0960970971747907,0.996711983855942,0.0787063800062093,0.843303896305493,0.87775863085998,0.127766764979819,0.739018798509783,0.84582746041602,0.678754455138158,0.758628236572493,0.717394939459792,0.758966283762806,0.919063722446446,0.0208969264203663,0.979494411673388,0.448243371623716,0.84400456380006,0.717291322570631,0.0888216081962122,0.89560814964297,0.734814498602921,0.495729773362306,0.941771266687368,0.394591943495808,0.816659236262035,0.727834166407946,0.762299084135358,0.837724153989445,0.62171934181931,0.661262402980439,0.776433343682087,0.928430642657559,0.435068938217946,0.457578453896304,0.538478826451412,0.535932831418812,0.539613458553242,0.62349414778019,0.603290065197142,0.553049751629925,0.569568053399565,0.626747267929213,0.404423983235022
"8a1",0.636154742765273,0.194334324758842,0.210294453376206,0.571910450160772,0.724448151125401,0.81420618971061,0.66917073954984,0.980164389067526,0.240148794212219,0.0326715434083601,0.125617363344051,0.00825385852090033,0.0546316720257235,0.047599115755627,0.046633038585209,0.0496970257234727,0.101972829581993,0.0737766881028938,0.992710610932477,0.182627170418007,0.757172347266879,0.915807395498392,0.217221463022508,0.705669774919614,0.697325160771705,0.78746350482315,0.94135803858521,0.519477974276527,0.314927009646303,0.702099356913184,0.0377108520900322,0.963905225080387,0.1123461414791,0.191988987138264,0.226955225080386,0.985195819935692,0.619211093247588,0.883902009646302,0.452687620578778,0.759556109324757,0.54441655948553,0.913800321543408,0.662639469453375,0.292389871382637,0.766422025723474,0.467331752411576,0.609188183279742,0.715124678456591,0.919368006430868,0.285367041800643,0.313168408360128,0.432558199356913,0.443779019292605,0.45265458199357,0.477744855305466,0.510142363344051,0.46478922829582,0.469202974276527,0.606203215434084,0.429256993569132
"8a2",0.636287108090332,0.577357882043411,0.587410282832712,0.771166915150187,0.815339245779441,0.668715632536724,0.363663999123,0.971229949572457,0.32277353650515,0.0431410217057663,0.173805020828766,0.0167053935540452,0.0675207410655558,0.0562447051085288,0.0738786450339838,0.0642570050427538,0.157141350581013,0.0878317474238106,0.988548498136369,0.287135145801359,0.837927472045599,0.869182723087043,0.241075970181978,0.83314784038588,0.697216027187023,0.761135518526644,0.862126375794785,0.566583841262882,0.709825871519403,0.832470510852883,0.0183493532120149,0.955811992983993,0.139292655119491,0.290168471826353,0.318844858583643,0.97137820653365,0.644181451436086,0.897241898706422,0.477104670028503,0.817631045823287,0.628432383249287,0.841120017540017,0.652144792808592,0.409319250164437,0.838361039245779,0.539117671563254,0.596192216619162,0.778415062486291,0.922483336987505,0.457352291164219,0.304712541109408,0.419278118833594,0.460080574435435,0.510674830081124,0.552543652707739,0.595254659065993,0.579200789300591,0.520963889497918,0.695128612146458,0.61931098443324
"8b1",0.604562204604362,0.546223677389848,0.613187162677235,0.739131452965391,0.810602805305689,0.713286812014026,0.45063438024089,0.985445113584382,0.231496005488641,0.0310331452965392,0.0850828022564415,0.00774979417594145,0.036265467296844,0.0368010977283122,0.0400257966153377,0.0373528281750267,0.0609483457844185,0.075739274279616,0.995017624637901,0.1833452355542,0.830298444884892,0.880504634852875,0.158431330995578,0.778762738222292,0.785481536819636,0.731088809269709,0.831941606952281,0.641996386644306,0.724598932764139,0.871152142094836,0.0204515017533161,0.968949900899527,0.277114499161458,0.620779295624331,0.649444229303246,0.867910321695383,0.807145372770241,0.846515261472783,0.494814697362401,0.878244427504194,0.551503171215121,0.84231840219546,0.701399756060372,0.605062418051528,0.842016923311484,0.554710733343497,0.60487094069218,0.773517563652994,0.927878655282814,0.438074294862025,0.373481170910199,0.476036484220151,0.504206662601001,0.542841805153222,0.597220216496413,0.602148818417438,0.571498063729223,0.557481201402649,0.656643802408901,0.544931849367286
"8b2",0.581794516395702,0.371030366492145,0.471284155414714,0.664123146872417,0.783970212179669,0.790423201984017,0.60187440066134,0.979008101405341,0.310267952604023,0.0460987324331772,0.12902887847892,0.0168582529622486,0.0468754753375586,0.0604928630476716,0.0386199779553596,0.0608889225682007,0.082490713695233,0.130862138330119,0.992731386056764,0.154141912372554,0.806228547809313,0.898922375310004,0.233518186828327,0.705598842656378,0.791366988151005,0.748216616147699,0.891981344723065,0.643523367318822,0.566533094516395,0.806468448608434,0.133673518875723,0.965817249931107,0.448656627170018,0.598624745108846,0.522976963350786,0.889261835216316,0.817874786442547,0.799702865803252,0.584309065858365,0.86983171672637,0.431851612014327,0.868476164232575,0.689558693855055,0.621318186828327,0.797921521080187,0.570339404794709,0.701865527693581,0.75696511435657,0.932652163130337,0.337723091760816,0.513779581151835,0.60682482777625,0.550274979333154,0.516735712317446,0.569164067236155,0.552675613116564,0.501234444750624,0.479482887847895,0.582297327087354,0.357002342243042
"8b3",0.610576837060701,0.474801797124601,0.487737859424919,0.760942092651758,0.812923642172526,0.709147044728436,0.453161900958467,0.975270607028754,0.315933546325878,0.0526127396166135,0.108119129392971,0.0114798322683706,0.0690740814696486,0.0686911341853035,0.0627120607028754,0.0613915734824281,0.0604348642172524,0.087675559105431,0.992587939297123,0.162745886581469,0.839801717252397,0.875880311501598,0.2283642971246,0.786162020766775,0.781840175718847,0.713363977635782,0.859482148562301,0.720630031948885,0.633068290734824,0.830202356230033,0.0518869808306709,0.94952068690096,0.255684305111821,0.378383146964855,0.400861142172522,0.950997484025559,0.895127076677318,0.442194928115014,0.73142108626198,0.885884984025561,0.515339856230031,0.79554313099042,0.660618769968052,0.630485263578276,0.825849281150158,0.593948003194887,0.760408626198084,0.721934744408946,0.945356549520769,0.426918450479233,0.496903714057508,0.642027675718851,0.60306281948882,0.569354313099042,0.551699161341854,0.533282268370606,0.524754752396167,0.439889416932906,0.533301996805112,0.436992372204474
