"Geography_Code","NM_1566_1_0","NM_1566_1_1","NM_1566_1_2","NM_1566_1_3"
"N00000001",26,7,0,19
"N00000002",17,9,1,7
"N00000003",13,1,0,12
"N00000004",51,15,6,30
"N00000005",20,7,3,10
"N00000006",13,7,4,2
"N00000007",13,4,3,6
"N00000008",14,3,2,9
"N00000009",36,14,4,18
"N00000010",17,7,0,10
"N00000011",14,5,1,8
"N00000012",9,4,5,0
"N00000013",11,1,0,10
"N00000014",20,14,2,4
"N00000015",10,5,0,5
"N00000016",7,2,1,4
"N00000017",13,5,1,7
"N00000018",16,5,0,11
"N00000019",9,3,0,6
"N00000020",1,0,0,1
"N00000021",8,4,1,3
"N00000022",16,1,6,9
"N00000023",5,3,0,2
"N00000024",45,20,1,24
"N00000025",27,15,0,12
"N00000026",44,16,5,23
"N00000027",33,9,1,23
"N00000028",26,9,6,11
"N00000029",32,9,4,19
"N00000030",24,10,1,13
"N00000031",51,24,3,24
"N00000032",25,8,1,16
"N00000033",30,7,1,22
"N00000034",24,13,3,8
"N00000035",13,1,0,12
"N00000036",26,8,1,17
"N00000037",14,6,0,8
"N00000038",34,15,3,16
"N00000039",100,38,14,48
"N00000040",16,3,1,12
"N00000041",36,14,0,22
"N00000042",39,10,7,22
"N00000043",92,32,10,50
"N00000044",25,6,4,15
"N00000045",26,5,5,16
"N00000046",23,4,0,19
"N00000047",18,9,3,6
"N00000048",17,7,2,8
"N00000049",8,4,0,4
"N00000050",13,4,0,9
"N00000051",13,2,2,9
"N00000052",18,5,2,11
"N00000053",18,5,6,7
"N00000054",9,4,2,3
"N00000055",16,3,4,9
"N00000056",8,4,0,4
"N00000057",15,3,3,9
"N00000058",12,3,0,9
"N00000059",9,2,2,5
"N00000060",13,3,0,10
"N00000061",16,6,0,10
"N00000062",25,10,4,11
"N00000063",27,11,1,15
"N00000064",12,4,0,8
"N00000065",23,12,3,8
"N00000066",10,9,0,1
"N00000067",19,3,5,11
"N00000068",28,11,5,12
"N00000069",19,5,3,11
"N00000070",14,2,0,12
"N00000071",8,5,0,3
"N00000072",87,24,13,50
"N00000073",9,4,1,4
"N00000074",43,14,7,22
"N00000075",21,9,0,12
"N00000076",27,13,2,12
"N00000077",18,13,1,4
"N00000078",26,16,2,8
"N00000079",50,20,1,29
"N00000080",26,5,3,18
"N00000081",23,9,0,14
"N00000082",15,1,0,14
"N00000083",57,15,2,40
"N00000084",31,8,1,22
"N00000085",18,3,0,15
"N00000086",27,13,1,13
"N00000087",57,18,6,33
"N00000088",7,0,0,7
"N00000089",32,6,6,20
"N00000090",24,7,1,16
"N00000091",18,9,0,9
"N00000092",23,8,0,15
"N00000093",30,11,2,17
"N00000094",29,14,2,13
"N00000095",37,16,1,20
"N00000096",30,12,4,14
"N00000097",49,19,7,23
"N00000098",56,26,8,22
"N00000099",10,4,0,6
"N00000100",14,4,2,8
"N00000101",17,4,3,10
"N00000102",27,9,3,15
"N00000103",27,14,1,12
"N00000104",12,4,1,7
"N00000105",16,4,0,12
"N00000106",8,4,0,4
"N00000107",14,7,0,7
"N00000108",11,5,1,5
"N00000109",15,7,0,8
"N00000110",21,9,0,12
"N00000111",18,4,0,14
"N00000112",33,10,3,20
"N00000113",10,5,0,5
"N00000114",14,3,3,8
"N00000115",24,7,3,14
"N00000116",11,3,0,8
"N00000117",6,2,0,4
"N00000118",18,8,0,10
"N00000119",19,5,0,14
"N00000120",24,10,2,12
"N00000121",16,5,0,11
"N00000122",24,9,0,15
"N00000123",22,10,0,12
"N00000124",12,6,0,6
"N00000125",35,9,3,23
"N00000126",46,13,0,33
"N00000127",19,7,1,11
"N00000128",78,19,4,55
"N00000129",18,3,2,13
"N00000130",40,18,0,22
"N00000131",25,9,1,15
"N00000132",21,6,2,13
"N00000133",14,7,0,7
"N00000134",22,7,2,13
"N00000135",18,4,1,13
"N00000136",29,12,0,17
"N00000137",20,5,1,14
"N00000138",38,9,3,26
"N00000139",15,7,0,8
"N00000140",17,8,3,6
"N00000141",21,4,6,11
"N00000142",11,2,0,9
"N00000143",6,0,0,6
"N00000144",13,6,3,4
"N00000145",6,1,1,4
"N00000146",21,7,1,13
"N00000147",15,6,0,9
"N00000148",22,3,2,17
"N00000149",15,2,3,10
"N00000150",13,4,2,7
"N00000151",10,0,1,9
"N00000152",14,7,0,7
"N00000153",9,2,1,6
"N00000154",14,3,0,11
"N00000155",17,4,0,13
"N00000156",12,4,0,8
"N00000157",20,6,2,12
"N00000158",32,7,3,22
"N00000159",9,2,0,7
"N00000160",16,3,3,10
"N00000161",33,8,1,24
"N00000162",11,5,0,6
"N00000163",17,4,4,9
"N00000164",10,4,1,5
"N00000165",17,3,0,14
"N00000166",11,3,0,8
"N00000167",26,10,2,14
"N00000168",10,2,2,6
"N00000169",36,13,2,21
"N00000170",12,4,1,7
"N00000171",25,11,1,13
"N00000172",34,10,0,24
"N00000173",13,3,0,10
"N00000174",22,5,3,14
"N00000175",14,8,0,6
"N00000176",27,6,6,15
"N00000177",17,3,1,13
"N00000178",41,17,6,18
"N00000179",27,7,2,18
"N00000180",11,1,0,10
"N00000181",10,5,2,3
"N00000182",6,1,3,2
"N00000183",12,3,0,9
"N00000184",14,5,1,8
"N00000185",9,4,1,4
"N00000186",16,4,3,9
"N00000187",9,5,0,4
"N00000188",19,8,2,9
"N00000189",25,6,1,18
"N00000190",11,3,0,8
"N00000191",21,10,1,10
"N00000192",20,6,4,10
"N00000193",21,10,1,10
"N00000194",5,1,0,4
"N00000195",3,0,0,3
"N00000196",12,5,1,6
"N00000197",15,3,1,11
"N00000198",16,7,0,9
"N00000199",17,7,0,10
"N00000200",12,0,1,11
"N00000201",10,8,0,2
"N00000202",13,4,0,9
"N00000203",16,2,1,13
"N00000204",17,8,1,8
"N00000205",16,8,0,8
"N00000206",9,3,0,6
"N00000207",16,7,2,7
"N00000208",30,10,2,18
"N00000209",36,16,1,19
"N00000210",11,2,1,8
"N00000211",16,5,0,11
"N00000212",9,5,0,4
"N00000213",12,1,1,10
"N00000214",11,5,0,6
"N00000215",29,8,2,19
"N00000216",19,3,0,16
"N00000217",30,10,0,20
"N00000218",17,7,0,10
"N00000219",7,1,1,5
"N00000220",16,2,3,11
"N00000221",8,2,0,6
"N00000222",9,4,2,3
"N00000223",27,11,1,15
"N00000224",17,4,2,11
"N00000225",5,2,0,3
"N00000226",17,6,2,9
"N00000227",6,2,0,4
"N00000228",13,8,0,5
"N00000229",27,7,1,19
"N00000230",14,3,3,8
"N00000231",21,6,0,15
"N00000232",23,6,5,12
"N00000233",9,1,0,8
"N00000234",4,1,1,2
"N00000235",20,9,1,10
"N00000236",17,6,0,11
"N00000237",27,6,1,20
"N00000238",16,5,0,11
"N00000239",12,3,3,6
"N00000240",32,10,4,18
"N00000241",44,19,5,20
"N00000242",33,10,1,22
"N00000243",15,6,0,9
"N00000244",10,2,1,7
"N00000245",10,5,0,5
"N00000246",16,2,3,11
"N00000247",18,7,1,10
"N00000248",17,5,2,10
"N00000249",22,7,3,12
"N00000250",22,6,5,11
"N00000251",31,8,5,18
"N00000252",28,4,1,23
"N00000253",32,12,0,20
"N00000254",21,8,1,12
"N00000255",17,6,0,11
"N00000256",45,14,4,27
"N00000257",26,7,2,17
"N00000258",26,4,0,22
"N00000259",29,14,2,13
"N00000260",22,2,4,16
"N00000261",32,8,2,22
"N00000262",18,5,3,10
"N00000263",13,2,1,10
"N00000264",44,14,5,25
"N00000265",28,6,6,16
"N00000266",27,10,2,15
"N00000267",40,11,0,29
"N00000268",27,9,1,17
"N00000269",25,10,2,13
"N00000270",16,7,0,9
"N00000271",24,6,1,17
"N00000272",6,0,0,6
"N00000273",32,9,1,22
"N00000274",20,4,1,15
"N00000275",16,4,1,11
"N00000276",15,5,1,9
"N00000277",19,6,1,12
"N00000278",14,4,2,8
"N00000279",2,1,1,0
"N00000280",19,4,2,13
"N00000281",18,5,0,13
"N00000282",20,8,2,10
"N00000283",12,4,0,8
"N00000284",25,8,1,16
"N00000285",15,4,1,10
"N00000286",8,0,1,7
"N00000287",8,1,1,6
"N00000288",16,5,2,9
"N00000289",24,8,1,15
"N00000290",10,5,0,5
"N00000291",22,9,0,13
"N00000292",30,13,2,15
"N00000293",27,9,1,17
"N00000294",21,5,0,16
"N00000295",19,2,2,15
"N00000296",19,3,3,13
"N00000297",15,10,0,5
"N00000298",20,7,3,10
"N00000299",13,2,3,8
"N00000300",11,3,0,8
"N00000301",19,9,2,8
"N00000302",32,10,5,17
"N00000303",20,8,1,11
"N00000304",14,5,1,8
"N00000305",32,11,2,19
"N00000306",19,6,0,13
"N00000307",28,8,4,16
"N00000308",20,12,0,8
"N00000309",34,15,4,15
"N00000310",20,2,0,18
"N00000311",15,4,0,11
"N00000312",32,14,1,17
"N00000313",36,11,1,24
"N00000314",27,3,1,23
"N00000315",26,7,1,18
"N00000316",23,6,1,16
"N00000317",26,5,3,18
"N00000318",22,10,1,11
"N00000319",40,10,3,27
"N00000320",12,7,0,5
"N00000321",25,8,1,16
"N00000322",13,3,0,10
"N00000323",24,10,2,12
"N00000324",26,9,0,17
"N00000325",30,10,3,17
"N00000326",44,8,5,31
"N00000327",15,4,3,8
"N00000328",10,2,1,7
"N00000329",21,1,6,14
"N00000330",24,6,1,17
"N00000331",28,8,3,17
"N00000332",6,2,0,4
"N00000333",17,4,1,12
"N00000334",19,9,0,10
"N00000335",11,4,3,4
"N00000336",16,5,0,11
"N00000337",17,5,3,9
"N00000338",21,7,0,14
"N00000339",16,9,0,7
"N00000340",26,7,1,18
"N00000341",23,5,0,18
"N00000342",35,12,5,18
"N00000343",20,10,0,10
"N00000344",24,7,3,14
"N00000345",23,10,1,12
"N00000346",54,14,4,36
"N00000347",9,3,2,4
"N00000348",37,8,1,28
"N00000349",27,6,3,18
"N00000350",36,12,1,23
"N00000351",35,9,6,20
"N00000352",46,14,4,28
"N00000353",32,12,3,17
"N00000354",35,6,1,28
"N00000355",28,9,0,19
"N00000356",37,10,1,26
"N00000357",73,21,4,48
"N00000358",31,5,2,24
"N00000359",31,4,1,26
"N00000360",47,22,0,25
"N00000361",18,1,1,16
"N00000362",34,9,1,24
"N00000363",33,9,1,23
"N00000364",39,9,2,28
"N00000365",15,2,1,12
"N00000366",29,1,4,24
"N00000367",15,7,0,8
"N00000368",36,10,0,26
"N00000369",32,7,8,17
"N00000370",40,9,5,26
"N00000371",37,7,6,24
"N00000372",16,6,2,8
"N00000373",33,5,6,22
"N00000374",22,1,1,20
"N00000375",15,5,2,8
"N00000376",10,1,1,8
"N00000377",9,3,0,6
"N00000378",24,7,4,13
"N00000379",28,8,2,18
"N00000380",36,8,1,27
"N00000381",70,21,2,47
"N00000382",38,2,3,33
"N00000383",37,8,4,25
"N00000384",45,8,3,34
"N00000385",31,5,1,25
"N00000386",25,1,2,22
"N00000387",15,4,1,10
"N00000388",109,20,9,80
"N00000389",26,6,2,18
"N00000390",72,18,3,51
"N00000391",27,7,0,20
"N00000392",84,19,5,60
"N00000393",13,6,0,7
"N00000394",28,9,1,18
"N00000395",35,8,0,27
"N00000396",24,10,1,13
"N00000397",30,10,2,18
"N00000398",31,10,1,20
"N00000399",21,5,2,14
"N00000400",12,4,1,7
"N00000401",16,2,2,12
"N00000402",14,2,1,11
"N00000403",30,4,0,26
"N00000404",9,2,0,7
"N00000405",17,2,2,13
"N00000406",28,10,1,17
"N00000407",84,27,5,52
"N00000408",50,13,4,33
"N00000409",16,3,0,13
"N00000410",28,6,1,21
"N00000411",28,8,2,18
"N00000412",32,13,2,17
"N00000413",29,10,1,18
"N00000414",33,7,0,26
"N00000415",30,6,2,22
"N00000416",25,12,0,13
"N00000417",26,7,3,16
"N00000418",39,13,1,25
"N00000419",14,4,3,7
"N00000420",17,3,1,13
"N00000421",31,13,1,17
"N00000422",24,6,2,16
"N00000423",28,5,1,22
"N00000424",31,7,2,22
"N00000425",29,8,2,19
"N00000426",16,2,0,14
"N00000427",28,2,5,21
"N00000428",26,9,1,16
"N00000429",39,11,1,27
"N00000430",36,12,1,23
"N00000431",35,12,1,22
"N00000432",14,6,0,8
"N00000433",10,3,0,7
"N00000434",24,6,1,17
"N00000435",17,6,1,10
"N00000436",41,18,1,22
"N00000437",52,11,4,37
"N00000438",43,11,5,27
"N00000439",32,6,3,23
"N00000440",32,12,4,16
"N00000441",18,2,0,16
"N00000442",25,10,0,15
"N00000443",33,7,0,26
"N00000444",29,5,1,23
"N00000445",37,7,2,28
"N00000446",20,5,0,15
"N00000447",15,3,2,10
"N00000448",12,3,1,8
"N00000449",29,14,1,14
"N00000450",15,0,0,15
"N00000451",29,12,0,17
"N00000452",37,6,2,29
"N00000453",22,8,1,13
"N00000454",32,7,1,24
"N00000455",8,3,0,5
"N00000456",20,5,1,14
"N00000457",22,4,0,18
"N00000458",26,7,2,17
"N00000459",48,10,2,36
"N00000460",14,3,0,11
"N00000461",18,6,1,11
"N00000462",8,0,0,8
"N00000463",26,6,2,18
"N00000464",23,10,0,13
"N00000465",16,4,0,12
"N00000466",28,9,0,19
"N00000467",17,8,0,9
"N00000468",21,8,2,11
"N00000469",14,8,0,6
"N00000470",19,6,0,13
"N00000471",18,7,0,11
"N00000472",8,3,2,3
"N00000473",10,3,3,4
"N00000474",19,3,1,15
"N00000475",15,3,1,11
"N00000476",9,2,0,7
"N00000477",40,10,1,29
"N00000478",13,4,0,9
"N00000479",17,4,0,13
"N00000480",12,6,0,6
"N00000481",21,7,0,14
"N00000482",5,1,0,4
"N00000483",13,1,1,11
"N00000484",16,7,1,8
"N00000485",14,5,0,9
"N00000486",38,13,1,24
"N00000487",8,6,2,0
"N00000488",31,10,2,19
"N00000489",15,4,2,9
"N00000490",23,4,3,16
"N00000491",22,4,1,17
"N00000492",19,6,3,10
"N00000493",14,1,0,13
"N00000494",46,13,9,24
"N00000495",7,2,0,5
"N00000496",49,19,8,22
"N00000497",38,12,0,26
"N00000498",18,3,2,13
"N00000499",6,2,0,4
"N00000500",25,9,1,15
"N00000501",17,2,7,8
"N00000502",7,0,6,1
"N00000503",29,8,3,18
"N00000504",17,6,4,7
"N00000505",8,2,1,5
"N00000506",14,6,0,8
"N00000507",19,7,1,11
"N00000508",21,9,3,9
"N00000509",25,5,0,20
"N00000510",12,3,2,7
"N00000511",31,8,1,22
"N00000512",30,9,4,17
"N00000513",15,6,0,9
"N00000514",12,4,1,7
"N00000515",21,7,0,14
"N00000516",17,7,0,10
"N00000517",20,5,1,14
"N00000518",14,4,1,9
"N00000519",13,1,0,12
"N00000520",18,5,0,13
"N00000521",21,6,2,13
"N00000522",24,10,3,11
"N00000523",25,6,1,18
"N00000524",25,6,2,17
"N00000525",20,8,2,10
"N00000526",10,2,0,8
"N00000527",23,8,3,12
"N00000528",13,4,2,7
"N00000529",15,4,3,8
"N00000530",9,2,1,6
"N00000531",10,0,2,8
"N00000532",10,4,0,6
"N00000533",1,0,1,0
"N00000534",35,9,3,23
"N00000535",37,8,3,26
"N00000536",15,5,1,9
"N00000537",20,7,0,13
"N00000538",23,4,1,18
"N00000539",20,5,2,13
"N00000540",16,9,0,7
"N00000541",15,7,2,6
"N00000542",13,4,2,7
"N00000543",24,9,2,13
"N00000544",12,3,1,8
"N00000545",13,4,2,7
"N00000546",13,1,0,12
"N00000547",16,5,0,11
"N00000548",18,8,1,9
"N00000549",10,1,0,9
"N00000550",21,10,0,11
"N00000551",11,0,0,11
"N00000552",15,6,3,6
"N00000553",28,8,0,20
"N00000554",9,3,1,5
"N00000555",9,0,0,9
"N00000556",21,5,0,16
"N00000557",41,7,6,28
"N00000558",24,8,1,15
"N00000559",21,11,1,9
"N00000560",34,11,4,19
"N00000561",23,6,2,15
"N00000562",26,5,1,20
"N00000563",49,14,4,31
"N00000564",9,1,0,8
"N00000565",2,1,0,1
"N00000566",13,0,1,12
"N00000567",30,12,2,16
"N00000568",12,4,0,8
"N00000569",17,4,4,9
"N00000570",23,4,2,17
"N00000571",25,8,5,12
"N00000572",43,12,1,30
"N00000573",19,4,0,15
"N00000574",28,9,2,17
"N00000575",22,6,0,16
"N00000576",23,5,2,16
"N00000577",27,7,0,20
"N00000578",44,16,2,26
"N00000579",30,6,1,23
"N00000580",16,4,1,11
"N00000581",36,8,3,25
"N00000582",26,10,2,14
"N00000583",16,5,1,10
"N00000584",26,7,3,16
"N00000585",30,9,2,19
"N00000586",16,8,0,8
"N00000587",33,11,3,19
"N00000588",18,6,0,12
"N00000589",41,17,1,23
"N00000590",32,8,0,24
"N00000591",30,9,1,20
"N00000592",25,4,8,13
"N00000593",48,11,1,36
"N00000594",31,13,3,15
"N00000595",33,6,3,24
"N00000596",19,7,2,10
"N00000597",12,5,1,6
"N00000598",6,3,0,3
"N00000599",8,6,0,2
"N00000600",13,3,0,10
"N00000601",3,0,0,3
"N00000602",3,2,0,1
"N00000603",15,5,0,10
"N00000604",24,10,3,11
"N00000605",28,8,3,17
"N00000606",20,4,3,13
"N00000607",20,7,1,12
"N00000608",24,6,0,18
"N00000609",24,12,0,12
"N00000610",17,2,0,15
"N00000611",14,4,1,9
"N00000612",26,7,4,15
"N00000613",8,2,1,5
"N00000614",6,2,1,3
"N00000615",3,1,0,2
"N00000616",11,2,0,9
"N00000617",13,5,3,5
"N00000618",26,10,1,15
"N00000619",20,8,3,9
"N00000620",26,9,0,17
"N00000621",15,4,3,8
"N00000622",26,9,4,13
"N00000623",20,2,2,16
"N00000624",43,14,0,29
"N00000625",14,7,0,7
"N00000626",36,10,0,26
"N00000627",25,8,2,15
"N00000628",28,5,0,23
"N00000629",17,0,2,15
"N00000630",17,4,0,13
"N00000631",21,5,1,15
"N00000632",29,9,0,20
"N00000633",21,9,0,12
"N00000634",41,13,0,28
"N00000635",19,7,0,12
"N00000636",21,12,0,9
"N00000637",45,16,1,28
"N00000638",31,11,5,15
"N00000639",32,8,5,19
"N00000640",21,5,5,11
"N00000641",22,4,3,15
"N00000642",19,9,2,8
"N00000643",30,3,2,25
"N00000644",28,3,0,25
"N00000645",39,5,6,28
"N00000646",40,2,5,33
"N00000647",35,9,3,23
"N00000648",25,5,1,19
"N00000649",26,10,4,12
"N00000650",23,10,2,11
"N00000651",12,1,1,10
"N00000652",30,1,1,28
"N00000653",23,5,2,16
"N00000654",16,4,1,11
"N00000655",15,6,2,7
"N00000656",14,7,1,6
"N00000657",59,13,5,41
"N00000658",23,5,0,18
"N00000659",30,6,1,23
"N00000660",21,4,2,15
"N00000661",26,2,1,23
"N00000662",21,6,0,15
"N00000663",23,6,2,15
"N00000664",21,1,3,17
"N00000665",35,7,1,27
"N00000666",38,6,3,29
"N00000667",62,8,5,49
"N00000668",23,2,1,20
"N00000669",41,5,3,33
"N00000670",11,0,0,11
"N00000671",11,5,0,6
"N00000672",13,0,1,12
"N00000673",56,10,2,44
"N00000674",13,5,1,7
"N00000675",33,4,3,26
"N00000676",32,5,2,25
"N00000677",11,0,0,11
"N00000678",45,15,0,30
"N00000679",52,9,0,43
"N00000680",27,4,1,22
"N00000681",19,1,0,18
"N00000682",33,9,0,24
"N00000683",17,5,0,12
"N00000684",33,6,3,24
"N00000685",17,4,1,12
"N00000686",41,10,0,31
"N00000687",24,1,1,22
"N00000688",18,6,1,11
"N00000689",30,8,0,22
"N00000690",18,0,2,16
"N00000691",20,5,1,14
"N00000692",6,2,2,2
"N00000693",12,6,2,4
"N00000694",72,16,9,47
"N00000695",30,8,2,20
"N00000696",4,0,0,4
"N00000697",23,3,3,17
"N00000698",26,6,1,19
"N00000699",7,2,0,5
"N00000700",17,3,1,13
"N00000701",13,4,1,8
"N00000702",33,0,3,30
"N00000703",22,5,2,15
"N00000704",47,7,3,37
"N00000705",43,15,1,27
"N00000706",23,1,2,20
"N00000707",25,6,0,19
"N00000708",28,2,0,26
"N00000709",31,9,0,22
"N00000710",24,4,1,19
"N00000711",24,6,0,18
"N00000712",22,2,1,19
"N00000713",26,7,2,17
"N00000714",33,9,0,24
"N00000715",41,16,2,23
"N00000716",68,25,2,41
"N00000717",28,6,3,19
"N00000718",109,34,5,70
"N00000719",15,5,2,8
"N00000720",34,12,0,22
"N00000721",29,3,0,26
"N00000722",22,10,1,11
"N00000723",32,12,1,19
"N00000724",31,14,1,16
"N00000725",34,15,3,16
"N00000726",23,8,0,15
"N00000727",6,2,0,4
"N00000728",17,4,2,11
"N00000729",36,17,3,16
"N00000730",24,10,2,12
"N00000731",8,1,2,5
"N00000732",23,4,2,17
"N00000733",25,9,1,15
"N00000734",30,15,2,13
"N00000735",31,9,2,20
"N00000736",28,4,0,24
"N00000737",26,10,2,14
"N00000738",24,7,0,17
"N00000739",27,7,4,16
"N00000740",39,8,2,29
"N00000741",8,4,0,4
"N00000742",10,4,1,5
"N00000743",15,4,1,10
"N00000744",11,2,0,9
"N00000745",29,6,1,22
"N00000746",23,1,2,20
"N00000747",19,1,1,17
"N00000748",22,6,2,14
"N00000749",11,3,1,7
"N00000750",12,3,2,7
"N00000751",12,1,0,11
"N00000752",17,4,2,11
"N00000753",27,4,0,23
"N00000754",23,10,3,10
"N00000755",32,14,1,17
"N00000756",15,3,0,12
"N00000757",25,3,2,20
"N00000758",21,4,1,16
"N00000759",29,8,4,17
"N00000760",9,3,1,5
"N00000761",27,2,4,21
"N00000762",4,0,1,3
"N00000763",19,3,2,14
"N00000764",10,5,1,4
"N00000765",22,5,0,17
"N00000766",36,10,2,24
"N00000767",32,9,3,20
"N00000768",17,7,0,10
"N00000769",38,13,1,24
"N00000770",31,10,1,20
"N00000771",3,3,0,0
"N00000772",25,7,0,18
"N00000773",29,9,2,18
"N00000774",58,18,0,40
"N00000775",12,3,4,5
"N00000776",15,2,0,13
"N00000777",46,18,4,24
"N00000778",29,5,2,22
"N00000779",24,4,2,18
"N00000780",33,5,3,25
"N00000781",28,8,0,20
"N00000782",35,8,3,24
"N00000783",34,11,3,20
"N00000784",18,3,0,15
"N00000785",23,7,0,16
"N00000786",21,5,0,16
"N00000787",23,8,3,12
"N00000788",25,4,3,18
"N00000789",64,23,6,35
"N00000790",29,9,2,18
"N00000791",23,6,4,13
"N00000792",30,10,1,19
"N00000793",31,15,0,16
"N00000794",26,8,1,17
"N00000795",29,11,2,16
"N00000796",23,6,1,16
"N00000797",10,5,0,5
"N00000798",37,11,1,25
"N00000799",31,11,4,16
"N00000800",21,7,1,13
"N00000801",36,13,7,16
"N00000802",15,6,0,9
"N00000803",18,5,0,13
"N00000804",18,5,1,12
"N00000805",14,4,0,10
"N00000806",21,7,2,12
"N00000807",42,11,2,29
"N00000808",8,3,0,5
"N00000809",20,1,1,18
"N00000810",22,2,4,16
"N00000811",20,5,0,15
"N00000812",11,2,2,7
"N00000813",24,7,1,16
"N00000814",13,6,0,7
"N00000815",42,11,4,27
"N00000816",22,6,2,14
"N00000817",16,6,0,10
"N00000818",13,3,1,9
"N00000819",15,3,0,12
"N00000820",15,4,1,10
"N00000821",13,7,1,5
"N00000822",4,0,0,4
"N00000823",18,5,0,13
"N00000824",10,3,0,7
"N00000825",26,8,2,16
"N00000826",20,8,2,10
"N00000827",18,5,3,10
"N00000828",16,6,3,7
"N00000829",23,7,3,13
"N00000830",15,6,1,8
"N00000831",30,9,1,20
"N00000832",21,8,3,10
"N00000833",13,0,0,13
"N00000834",19,8,2,9
"N00000835",25,8,3,14
"N00000836",37,8,2,27
"N00000837",28,7,4,17
"N00000838",19,5,5,9
"N00000839",25,8,1,16
"N00000840",22,6,1,15
"N00000841",16,3,0,13
"N00000842",67,14,12,41
"N00000843",16,5,1,10
"N00000844",6,4,0,2
"N00000845",11,1,1,9
"N00000846",15,5,1,9
"N00000847",84,22,8,54
"N00000848",7,0,0,7
"N00000849",14,6,1,7
"N00000850",17,4,3,10
"N00000851",13,5,3,5
"N00000852",81,17,8,56
"N00000853",29,8,3,18
"N00000854",70,13,10,47
"N00000855",5,2,0,3
"N00000856",6,1,0,5
"N00000857",23,6,0,17
"N00000858",5,1,0,4
"N00000859",5,0,0,5
"N00000860",23,6,2,15
"N00000861",17,1,1,15
"N00000862",63,22,7,34
"N00000863",14,7,1,6
"N00000864",34,10,3,21
"N00000865",25,6,3,16
"N00000866",14,8,0,6
"N00000867",9,3,1,5
"N00000868",15,9,0,6
"N00000869",17,6,1,10
"N00000870",24,9,0,15
"N00000871",17,7,0,10
"N00000872",8,3,0,5
"N00000873",33,11,2,20
"N00000874",23,6,2,15
"N00000875",19,6,1,12
"N00000876",6,3,0,3
"N00000877",34,8,6,20
"N00000878",11,3,1,7
"N00000879",82,18,9,55
"N00000880",22,2,2,18
"N00000881",16,4,0,12
"N00000882",10,2,1,7
"N00000883",10,2,0,8
"N00000884",4,1,1,2
"N00000885",29,10,4,15
"N00000886",10,7,0,3
"N00000887",14,7,1,6
"N00000888",9,4,2,3
"N00000889",20,8,0,12
"N00000890",14,5,1,8
"N00000891",17,12,0,5
"N00000892",29,11,5,13
"N00000893",25,13,0,12
"N00000894",14,3,1,10
"N00000895",16,4,2,10
"N00000896",11,5,0,6
"N00000897",31,12,5,14
"N00000898",29,22,2,5
"N00000899",21,9,4,8
"N00000900",18,6,2,10
"N00000901",39,15,3,21
"N00000902",30,20,1,9
"N00000903",14,1,2,11
"N00000904",32,7,4,21
"N00000905",14,4,1,9
"N00000906",11,7,0,4
"N00000907",18,7,0,11
"N00000908",17,6,1,10
"N00000909",12,4,0,8
"N00000910",16,5,2,9
"N00000911",14,3,0,11
"N00000912",21,8,2,11
"N00000913",25,4,4,17
"N00000914",32,10,6,16
"N00000915",12,5,0,7
"N00000916",4,3,0,1
"N00000917",9,4,0,5
"N00000918",17,4,0,13
"N00000919",15,7,1,7
"N00000920",1,1,0,0
"N00000921",69,21,6,42
"N00000922",17,5,0,12
"N00000923",12,5,0,7
"N00000924",21,7,2,12
"N00000925",26,9,0,17
"N00000926",24,7,4,13
"N00000927",17,6,2,9
"N00000928",28,13,1,14
"N00000929",35,10,7,18
"N00000930",21,5,3,13
"N00000931",57,11,12,34
"N00000932",15,5,2,8
"N00000933",14,6,1,7
"N00000934",20,6,2,12
"N00000935",18,8,1,9
"N00000936",38,16,4,18
"N00000937",40,7,6,27
"N00000938",49,16,5,28
"N00000939",16,9,0,7
"N00000940",16,5,2,9
"N00000941",23,6,0,17
"N00000942",13,8,1,4
"N00000943",14,3,0,11
"N00000944",28,7,1,20
"N00000945",15,4,1,10
"N00000946",11,0,0,11
"N00000947",15,2,2,11
"N00000948",13,2,1,10
"N00000949",13,5,1,7
"N00000950",17,3,0,14
"N00000951",15,1,1,13
"N00000952",25,7,5,13
"N00000953",9,4,0,5
"N00000954",26,11,1,14
"N00000955",29,8,5,16
"N00000956",24,8,4,12
"N00000957",30,7,0,23
"N00000958",16,7,1,8
"N00000959",31,13,0,18
"N00000960",39,8,1,30
"N00000961",20,7,1,12
"N00000962",25,8,3,14
"N00000963",17,6,1,10
"N00000964",18,6,2,10
"N00000965",21,9,2,10
"N00000966",16,3,0,13
"N00000967",31,13,4,14
"N00000968",10,3,0,7
"N00000969",9,1,0,8
"N00000970",10,4,0,6
"N00000971",11,5,1,5
"N00000972",11,5,0,6
"N00000973",15,5,0,10
"N00000974",12,6,1,5
"N00000975",13,3,0,10
"N00000976",2,1,0,1
"N00000977",22,10,0,12
"N00000978",16,10,0,6
"N00000979",21,12,0,9
"N00000980",28,17,0,11
"N00000981",17,9,0,8
"N00000982",18,9,1,8
"N00000983",22,11,2,9
"N00000984",66,27,2,37
"N00000985",16,4,0,12
"N00000986",15,9,0,6
"N00000987",52,14,5,33
"N00000988",17,6,1,10
"N00000989",14,3,1,10
"N00000990",27,11,7,9
"N00000991",5,1,0,4
"N00000992",14,6,3,5
"N00000993",12,6,0,6
"N00000994",39,12,4,23
"N00000995",9,1,1,7
"N00000996",21,9,1,11
"N00000997",20,7,1,12
"N00000998",18,7,2,9
"N00000999",9,1,1,7
"N00001000",20,3,2,15
"N00001001",18,8,2,8
"N00001002",30,7,0,23
"N00001003",9,3,0,6
"N00001004",8,2,0,6
"N00001005",12,4,0,8
"N00001006",329,143,21,165
"N00001007",268,131,14,123
"N00001008",153,67,9,77
"N00001009",79,29,3,47
"N00001010",225,111,13,101
"N00001011",246,134,5,107
"N00001012",180,104,12,64
"N00001013",108,59,8,41
"N00001014",148,72,15,61
"N00001015",263,105,18,140
"N00001016",130,70,5,55
"N00001017",173,86,14,73
"N00001018",101,56,8,37
"N00001019",125,67,8,50
"N00001020",50,25,7,18
"N00001021",140,84,11,45
"N00001022",266,105,19,142
"N00001023",113,66,4,43
"N00001024",161,81,23,57
"N00001025",170,86,16,68
"N00001026",112,54,6,52
"N00001027",38,23,3,12
"N00001028",16,4,1,11
"N00001029",81,28,10,43
"N00001030",81,34,5,42
"N00001031",79,38,7,34
"N00001032",14,2,2,10
"N00001033",3,2,0,1
"N00001034",27,11,3,13
"N00001035",16,3,4,9
"N00001036",22,3,5,14
"N00001037",32,9,2,21
"N00001038",48,20,0,28
"N00001039",27,9,4,14
"N00001040",10,4,1,5
"N00001041",2,0,1,1
"N00001042",39,14,6,19
"N00001043",8,1,2,5
"N00001044",10,3,0,7
"N00001045",19,7,1,11
"N00001046",36,14,4,18
"N00001047",12,1,1,10
"N00001048",23,11,0,12
"N00001049",20,7,0,13
"N00001050",29,8,4,17
"N00001051",40,9,1,30
"N00001052",9,4,1,4
"N00001053",45,10,2,33
"N00001054",35,13,0,22
"N00001055",33,9,3,21
"N00001056",27,12,0,15
"N00001057",18,9,0,9
"N00001058",35,14,0,21
"N00001059",28,12,3,13
"N00001060",19,5,0,14
"N00001061",14,4,1,9
"N00001062",16,5,1,10
"N00001063",17,5,1,11
"N00001064",27,5,1,21
"N00001065",21,7,2,12
"N00001066",24,9,0,15
"N00001067",13,2,1,10
"N00001068",11,4,0,7
"N00001069",15,1,0,14
"N00001070",29,8,2,19
"N00001071",15,4,0,11
"N00001072",25,7,3,15
"N00001073",17,5,2,10
"N00001074",14,6,0,8
"N00001075",15,4,0,11
"N00001076",11,3,0,8
"N00001077",7,5,0,2
"N00001078",11,1,3,7
"N00001079",55,10,7,38
"N00001080",16,5,1,10
"N00001081",26,9,0,17
"N00001082",38,8,0,30
"N00001083",39,5,7,27
"N00001084",36,10,4,22
"N00001085",80,24,10,46
"N00001086",22,10,1,11
"N00001087",28,10,2,16
"N00001088",15,7,1,7
"N00001089",21,6,0,15
"N00001090",11,5,0,6
"N00001091",42,9,2,31
"N00001092",43,11,3,29
"N00001093",39,12,3,24
"N00001094",4,2,0,2
"N00001095",24,5,2,17
"N00001096",44,21,4,19
"N00001097",22,10,1,11
"N00001098",21,8,0,13
"N00001099",13,6,1,6
"N00001100",19,5,2,12
"N00001101",14,2,1,11
"N00001102",37,7,3,27
"N00001103",11,1,0,10
"N00001104",14,4,1,9
"N00001105",22,6,1,15
"N00001106",16,5,0,11
"N00001107",24,8,3,13
"N00001108",8,5,0,3
"N00001109",32,10,3,19
"N00001110",21,8,1,12
"N00001111",55,14,3,38
"N00001112",24,3,3,18
"N00001113",70,19,11,40
"N00001114",26,7,1,18
"N00001115",16,3,2,11
"N00001116",29,8,0,21
"N00001117",45,7,11,27
"N00001118",10,5,0,5
"N00001119",6,3,0,3
"N00001120",10,4,0,6
"N00001121",3,0,1,2
"N00001122",3,0,3,0
"N00001123",4,0,0,4
"N00001124",41,11,3,27
"N00001125",24,6,2,16
"N00001126",9,1,1,7
"N00001127",42,11,5,26
"N00001128",10,2,0,8
"N00001129",25,10,2,13
"N00001130",13,4,1,8
"N00001131",86,32,13,41
"N00001132",18,5,2,11
"N00001133",30,11,3,16
"N00001134",7,1,0,6
"N00001135",17,6,1,10
"N00001136",9,4,1,4
"N00001137",17,4,3,10
"N00001138",7,2,0,5
"N00001139",34,19,3,12
"N00001140",31,6,1,24
"N00001141",7,2,0,5
"N00001142",8,3,0,5
"N00001143",5,0,0,5
"N00001144",11,0,2,9
"N00001145",11,0,1,10
"N00001146",22,6,0,16
"N00001147",15,3,1,11
"N00001148",18,6,0,12
"N00001149",34,11,2,21
"N00001150",44,10,4,30
"N00001151",29,12,2,15
"N00001152",28,2,1,25
"N00001153",17,7,2,8
"N00001154",18,3,0,15
"N00001155",23,12,0,11
"N00001156",97,25,13,59
"N00001157",20,13,1,6
"N00001158",18,6,3,9
"N00001159",32,5,4,23
"N00001160",27,9,3,15
"N00001161",18,8,3,7
"N00001162",10,1,1,8
"N00001163",13,6,0,7
"N00001164",35,11,7,17
"N00001165",32,14,2,16
"N00001166",45,13,3,29
"N00001167",26,3,3,20
"N00001168",32,8,5,19
"N00001169",18,6,4,8
"N00001170",21,9,5,7
"N00001171",25,4,1,20
"N00001172",24,11,3,10
"N00001173",14,8,1,5
"N00001174",24,3,0,21
"N00001175",28,13,1,14
"N00001176",7,4,0,3
"N00001177",13,6,0,7
"N00001178",39,15,7,17
"N00001179",34,10,5,19
"N00001180",15,3,3,9
"N00001181",22,8,6,8
"N00001182",35,16,1,18
"N00001183",25,8,3,14
"N00001184",31,13,3,15
"N00001185",5,2,0,3
"N00001186",12,5,0,7
"N00001187",27,11,4,12
"N00001188",39,12,1,26
"N00001189",29,8,1,20
"N00001190",17,8,0,9
"N00001191",11,4,1,6
"N00001192",8,4,0,4
"N00001193",16,9,1,6
"N00001194",23,14,2,7
"N00001195",8,5,0,3
"N00001196",19,4,1,14
"N00001197",4,3,0,1
"N00001198",25,11,4,10
"N00001199",10,5,2,3
"N00001200",31,10,2,19
"N00001201",15,4,0,11
"N00001202",30,7,4,19
"N00001203",22,7,1,14
"N00001204",79,26,8,45
"N00001205",42,19,1,22
"N00001206",18,3,6,9
"N00001207",55,18,8,29
"N00001208",33,10,4,19
"N00001209",15,5,0,10
"N00001210",26,11,1,14
"N00001211",25,13,2,10
"N00001212",25,6,4,15
"N00001213",28,9,3,16
"N00001214",27,9,4,14
"N00001215",24,8,1,15
"N00001216",41,13,6,22
"N00001217",16,8,0,8
"N00001218",17,4,1,12
"N00001219",19,3,2,14
"N00001220",9,3,1,5
"N00001221",13,3,0,10
"N00001222",17,5,2,10
"N00001223",15,5,0,10
"N00001224",10,4,0,6
"N00001225",18,2,1,15
"N00001226",11,5,0,6
"N00001227",11,3,4,4
"N00001228",9,1,1,7
"N00001229",10,4,3,3
"N00001230",27,8,4,15
"N00001231",28,10,1,17
"N00001232",47,19,0,28
"N00001233",43,20,0,23
"N00001234",33,10,3,20
"N00001235",93,28,15,50
"N00001236",40,11,0,29
"N00001237",17,4,2,11
"N00001238",20,7,1,12
"N00001239",31,15,2,14
"N00001240",74,16,13,45
"N00001241",37,12,5,20
"N00001242",25,6,2,17
"N00001243",18,5,3,10
"N00001244",20,4,6,10
"N00001245",22,8,0,14
"N00001246",23,6,3,14
"N00001247",11,0,0,11
"N00001248",25,9,2,14
"N00001249",23,8,1,14
"N00001250",25,11,3,11
"N00001251",17,5,0,12
"N00001252",23,8,1,14
"N00001253",15,5,0,10
"N00001254",26,4,1,21
"N00001255",8,2,0,6
"N00001256",14,4,0,10
"N00001257",10,7,1,2
"N00001258",10,5,0,5
"N00001259",17,6,1,10
"N00001260",36,10,5,21
"N00001261",17,3,2,12
"N00001262",8,1,1,6
"N00001263",12,5,0,7
"N00001264",4,0,0,4
"N00001265",41,10,0,31
"N00001266",8,1,0,7
"N00001267",23,10,0,13
"N00001268",13,4,0,9
"N00001269",29,10,6,13
"N00001270",4,3,0,1
"N00001271",71,23,5,43
"N00001272",7,1,1,5
"N00001273",8,6,2,0
"N00001274",12,4,2,6
"N00001275",4,0,0,4
"N00001276",16,3,0,13
"N00001277",15,4,0,11
"N00001278",16,8,1,7
"N00001279",10,6,2,2
"N00001280",8,4,1,3
"N00001281",29,8,0,21
"N00001282",26,9,0,17
"N00001283",18,7,0,11
"N00001284",30,11,1,18
"N00001285",10,5,0,5
"N00001286",21,9,0,12
"N00001287",15,7,1,7
"N00001288",23,8,1,14
"N00001289",17,8,0,9
"N00001290",25,10,1,14
"N00001291",27,13,1,13
"N00001292",89,32,10,47
"N00001293",41,21,2,18
"N00001294",34,12,2,20
"N00001295",29,7,1,21
"N00001296",14,4,2,8
"N00001297",38,9,3,26
"N00001298",22,3,5,14
"N00001299",23,5,5,13
"N00001300",22,7,2,13
"N00001301",39,11,8,20
"N00001302",75,16,9,50
"N00001303",25,11,0,14
"N00001304",22,4,0,18
"N00001305",29,9,1,19
"N00001306",7,3,0,4
"N00001307",27,6,6,15
"N00001308",23,10,1,12
"N00001309",23,5,2,16
"N00001310",74,25,4,45
"N00001311",28,1,0,27
"N00001312",54,10,5,39
"N00001313",11,6,2,3
"N00001314",27,9,2,16
"N00001315",13,5,0,8
"N00001316",8,0,2,6
"N00001317",16,5,0,11
"N00001318",16,7,1,8
"N00001319",18,6,2,10
"N00001320",22,8,0,14
"N00001321",27,11,3,13
"N00001322",13,4,2,7
"N00001323",17,4,0,13
"N00001324",17,5,0,12
"N00001325",112,33,5,74
"N00001326",34,11,1,22
"N00001327",23,2,2,19
"N00001328",87,15,0,72
"N00001329",35,12,2,21
"N00001330",30,6,1,23
"N00001331",24,5,0,19
"N00001332",15,10,0,5
"N00001333",35,17,0,18
"N00001334",42,8,2,32
"N00001335",8,3,0,5
"N00001336",25,6,0,19
"N00001337",32,10,0,22
"N00001338",27,6,3,18
"N00001339",16,5,1,10
"N00001340",43,14,4,25
"N00001341",39,11,2,26
"N00001342",42,14,3,25
"N00001343",23,9,4,10
"N00001344",37,18,4,15
"N00001345",15,2,0,13
"N00001346",70,24,9,37
"N00001347",30,9,5,16
"N00001348",18,7,2,9
"N00001349",16,7,1,8
"N00001350",51,17,4,30
"N00001351",33,16,7,10
"N00001352",10,5,2,3
"N00001353",22,6,4,12
"N00001354",39,14,1,24
"N00001355",15,5,1,9
"N00001356",20,6,1,13
"N00001357",6,1,0,5
"N00001358",11,0,0,11
"N00001359",17,4,2,11
"N00001360",13,4,1,8
"N00001361",29,15,2,12
"N00001362",21,5,5,11
"N00001363",10,1,2,7
"N00001364",21,5,3,13
"N00001365",18,5,1,12
"N00001366",12,7,1,4
"N00001367",20,9,1,10
"N00001368",13,1,0,12
"N00001369",12,6,0,6
"N00001370",25,8,1,16
"N00001371",21,6,2,13
"N00001372",29,11,1,17
"N00001373",13,6,0,7
"N00001374",22,11,2,9
"N00001375",17,5,2,10
"N00001376",11,7,1,3
"N00001377",19,7,1,11
"N00001378",6,2,0,4
"N00001379",11,1,1,9
"N00001380",35,15,6,14
"N00001381",20,6,3,11
"N00001382",33,12,2,19
"N00001383",26,6,1,19
"N00001384",18,3,2,13
"N00001385",25,5,4,16
"N00001386",27,14,1,12
"N00001387",15,4,0,11
"N00001388",12,5,0,7
"N00001389",5,2,0,3
"N00001390",21,6,0,15
"N00001391",18,5,0,13
"N00001392",14,6,2,6
"N00001393",12,8,0,4
"N00001394",13,6,0,7
"N00001395",7,1,1,5
"N00001396",25,12,1,12
"N00001397",4,1,0,3
"N00001398",7,1,0,6
"N00001399",46,14,4,28
"N00001400",20,8,3,9
"N00001401",56,20,3,33
"N00001402",55,19,1,35
"N00001403",45,20,0,25
"N00001404",44,12,1,31
"N00001405",13,6,1,6
"N00001406",4,1,0,3
"N00001407",19,8,1,10
"N00001408",33,11,0,22
"N00001409",16,6,1,9
"N00001410",14,4,0,10
"N00001411",16,2,0,14
"N00001412",14,6,1,7
"N00001413",21,6,1,14
"N00001414",18,8,0,10
"N00001415",28,7,1,20
"N00001416",47,20,2,25
"N00001417",11,2,0,9
"N00001418",53,26,3,24
"N00001419",8,4,1,3
"N00001420",13,6,1,6
"N00001421",185,73,18,94
"N00001422",10,3,0,7
"N00001423",27,8,1,18
"N00001424",11,5,0,6
"N00001425",20,7,1,12
"N00001426",13,7,0,6
"N00001427",13,2,1,10
"N00001428",62,35,8,19
"N00001429",211,83,19,109
"N00001430",19,5,3,11
"N00001431",24,5,1,18
"N00001432",13,2,4,7
"N00001433",11,6,0,5
"N00001434",21,9,2,10
"N00001435",12,1,4,7
"N00001436",21,5,3,13
"N00001437",9,1,1,7
"N00001438",21,6,5,10
"N00001439",7,4,0,3
"N00001440",17,3,0,14
"N00001441",9,0,1,8
"N00001442",18,7,2,9
"N00001443",4,1,0,3
"N00001444",14,2,0,12
"N00001445",28,11,3,14
"N00001446",19,6,1,12
"N00001447",20,3,0,17
"N00001448",27,7,1,19
"N00001449",11,4,0,7
"N00001450",13,7,0,6
"N00001451",14,3,0,11
"N00001452",24,3,0,21
"N00001453",30,6,0,24
"N00001454",32,7,2,23
"N00001455",16,3,0,13
"N00001456",11,0,1,10
"N00001457",33,8,1,24
"N00001458",10,6,1,3
"N00001459",75,14,4,57
"N00001460",23,6,0,17
"N00001461",30,9,0,21
"N00001462",25,10,0,15
"N00001463",38,13,0,25
"N00001464",28,8,0,20
"N00001465",45,7,1,37
"N00001466",103,38,10,55
"N00001467",1246,460,164,622
"N00001468",145,64,10,71
"N00001469",95,57,6,32
"N00001470",200,105,3,92
"N00001471",370,181,16,173
"N00001472",302,110,33,159
"N00001473",44,15,5,24
"N00001474",20,3,2,15
"N00001475",38,18,0,20
"N00001476",28,14,1,13
"N00001477",23,9,1,13
"N00001478",30,14,0,16
"N00001479",37,15,4,18
"N00001480",14,7,0,7
"N00001481",17,5,0,12
"N00001482",18,8,1,9
"N00001483",8,3,1,4
"N00001484",5,0,1,4
"N00001485",7,4,0,3
"N00001486",21,5,0,16
"N00001487",14,3,1,10
"N00001488",22,14,0,8
"N00001489",19,12,0,7
"N00001490",8,0,0,8
"N00001491",12,3,0,9
"N00001492",6,1,0,5
"N00001493",7,0,0,7
"N00001494",11,6,0,5
"N00001495",23,12,1,10
"N00001496",7,5,0,2
"N00001497",7,6,0,1
"N00001498",17,4,2,11
"N00001499",27,9,2,16
"N00001500",5,2,0,3
"N00001501",22,8,1,13
"N00001502",20,6,1,13
"N00001503",8,3,0,5
"N00001504",13,2,3,8
"N00001505",32,15,6,11
"N00001506",7,2,1,4
"N00001507",8,5,0,3
"N00001508",25,12,1,12
"N00001509",16,4,1,11
"N00001510",14,7,0,7
"N00001511",70,28,6,36
"N00001512",20,6,4,10
"N00001513",9,4,1,4
"N00001514",15,2,1,12
"N00001515",28,9,1,18
"N00001516",16,5,0,11
"N00001517",19,3,0,16
"N00001518",28,3,2,23
"N00001519",24,9,2,13
"N00001520",19,4,2,13
"N00001521",6,3,0,3
"N00001522",31,12,3,16
"N00001523",17,1,6,10
"N00001524",16,4,0,12
"N00001525",8,2,1,5
"N00001526",15,0,2,13
"N00001527",16,6,1,9
"N00001528",17,4,2,11
"N00001529",21,5,3,13
"N00001530",31,13,2,16
"N00001531",23,2,3,18
"N00001532",36,11,5,20
"N00001533",45,12,7,26
"N00001534",28,2,7,19
"N00001535",38,8,6,24
"N00001536",32,12,4,16
"N00001537",23,6,3,14
"N00001538",36,17,4,15
"N00001539",32,8,6,18
"N00001540",38,13,3,22
"N00001541",26,6,5,15
"N00001542",25,6,3,16
"N00001543",30,7,1,22
"N00001544",28,8,2,18
"N00001545",18,5,2,11
"N00001546",46,21,10,15
"N00001547",20,8,2,10
"N00001548",12,2,3,7
"N00001549",32,6,3,23
"N00001550",10,2,0,8
"N00001551",44,7,1,36
"N00001552",39,17,5,17
"N00001553",14,2,5,7
"N00001554",20,7,2,11
"N00001555",14,5,3,6
"N00001556",19,4,2,13
"N00001557",25,5,0,20
"N00001558",18,2,2,14
"N00001559",12,2,0,10
"N00001560",19,5,1,13
"N00001561",17,7,1,9
"N00001562",13,5,1,7
"N00001563",6,0,2,4
"N00001564",25,9,0,16
"N00001565",30,5,4,21
"N00001566",36,4,2,30
"N00001567",24,9,1,14
"N00001568",22,6,2,14
"N00001569",10,1,1,8
"N00001570",91,23,9,59
"N00001571",36,8,0,28
"N00001572",38,8,1,29
"N00001573",33,5,7,21
"N00001574",23,5,2,16
"N00001575",21,2,5,14
"N00001576",45,17,4,24
"N00001577",31,4,3,24
"N00001578",25,7,0,18
"N00001579",88,36,7,45
"N00001580",58,22,2,34
"N00001581",27,6,0,21
"N00001582",30,11,1,18
"N00001583",47,21,2,24
"N00001584",25,15,2,8
"N00001585",266,107,16,143
"N00001586",56,21,5,30
"N00001587",101,37,7,57
"N00001588",83,37,8,38
"N00001589",95,32,7,56
"N00001590",144,74,12,58
"N00001591",139,63,4,72
"N00001592",85,27,6,52
"N00001593",225,86,9,130
"N00001594",169,49,4,116
"N00001595",138,60,12,66
"N00001596",238,78,10,150
"N00001597",99,25,6,68
"N00001598",197,98,20,79
"N00001599",244,92,3,149
"N00001600",115,50,8,57
"N00001601",107,45,6,56
"N00001602",123,46,4,73
"N00001603",112,47,7,58
"N00001604",12,4,2,6
"N00001605",11,5,0,6
"N00001606",9,1,1,7
"N00001607",12,6,1,5
"N00001608",7,3,0,4
"N00001609",9,1,1,7
"N00001610",10,2,2,6
"N00001611",11,3,1,7
"N00001612",18,6,0,12
"N00001613",40,12,3,25
"N00001614",14,5,0,9
"N00001615",11,5,1,5
"N00001616",16,7,2,7
"N00001617",10,3,0,7
"N00001618",21,7,4,10
"N00001619",7,3,0,4
"N00001620",23,10,1,12
"N00001621",13,6,5,2
"N00001622",25,6,2,17
"N00001623",12,2,0,10
"N00001624",3,1,0,2
"N00001625",11,3,0,8
"N00001626",9,1,2,6
"N00001627",10,3,0,7
"N00001628",16,4,0,12
"N00001629",10,6,2,2
"N00001630",12,6,0,6
"N00001631",18,4,3,11
"N00001632",15,8,0,7
"N00001633",7,1,2,4
"N00001634",9,3,0,6
"N00001635",15,6,1,8
"N00001636",7,3,0,4
"N00001637",13,4,1,8
"N00001638",6,0,1,5
"N00001639",7,1,0,6
"N00001640",10,3,2,5
"N00001641",10,4,0,6
"N00001642",20,2,2,16
"N00001643",28,4,1,23
"N00001644",29,9,1,19
"N00001645",16,4,1,11
"N00001646",5,3,0,2
"N00001647",16,4,1,11
"N00001648",14,5,0,9
"N00001649",51,16,6,29
"N00001650",15,6,2,7
"N00001651",29,6,3,20
"N00001652",43,16,6,21
"N00001653",46,20,4,22
"N00001654",25,9,0,16
"N00001655",17,5,2,10
"N00001656",10,4,2,4
"N00001657",12,1,1,10
"N00001658",5,1,1,3
"N00001659",10,4,1,5
"N00001660",19,6,2,11
"N00001661",18,8,1,9
"N00001662",23,7,1,15
"N00001663",22,9,1,12
"N00001664",33,12,7,14
"N00001665",22,5,3,14
"N00001666",37,12,0,25
"N00001667",28,11,3,14
"N00001668",27,9,0,18
"N00001669",30,13,6,11
"N00001670",13,3,3,7
"N00001671",22,4,1,17
"N00001672",10,5,0,5
"N00001673",35,12,6,17
"N00001674",6,0,0,6
"N00001675",20,6,3,11
"N00001676",17,3,0,14
"N00001677",40,13,4,23
"N00001678",41,19,3,19
"N00001679",26,9,4,13
"N00001680",29,6,2,21
"N00001681",9,4,1,4
"N00001682",24,3,5,16
"N00001683",21,5,1,15
"N00001684",65,26,1,38
"N00001685",42,11,5,26
"N00001686",16,5,1,10
"N00001687",34,7,7,20
"N00001688",20,7,4,9
"N00001689",4,0,0,4
"N00001690",28,7,3,18
"N00001691",12,4,0,8
"N00001692",10,0,0,10
"N00001693",15,8,1,6
"N00001694",33,12,4,17
"N00001695",42,16,1,25
"N00001696",19,10,1,8
"N00001697",16,6,1,9
"N00001698",22,6,2,14
"N00001699",28,12,2,14
"N00001700",10,2,1,7
"N00001701",9,3,0,6
"N00001702",24,5,0,19
"N00001703",34,14,2,18
"N00001704",24,7,2,15
"N00001705",12,5,0,7
"N00001706",37,13,3,21
"N00001707",33,13,1,19
"N00001708",31,15,0,16
"N00001709",13,3,3,7
"N00001710",20,5,1,14
"N00001711",24,7,2,15
"N00001712",13,8,0,5
"N00001713",6,1,1,4
"N00001714",19,6,1,12
"N00001715",9,5,0,4
"N00001716",10,2,1,7
"N00001717",10,3,1,6
"N00001718",11,2,2,7
"N00001719",14,4,1,9
"N00001720",11,2,1,8
"N00001721",13,4,0,9
"N00001722",8,0,2,6
"N00001723",9,2,1,6
"N00001724",13,4,2,7
"N00001725",12,3,3,6
"N00001726",17,3,2,12
"N00001727",4,0,1,3
"N00001728",13,6,1,6
"N00001729",18,7,5,6
"N00001730",9,2,1,6
"N00001731",8,1,2,5
"N00001732",123,57,5,61
"N00001733",19,8,3,8
"N00001734",21,7,0,14
"N00001735",18,6,3,9
"N00001736",3,3,0,0
"N00001737",28,8,5,15
"N00001738",25,6,0,19
"N00001739",14,2,4,8
"N00001740",37,13,1,23
"N00001741",26,3,3,20
"N00001742",12,3,1,8
"N00001743",18,5,0,13
"N00001744",27,9,2,16
"N00001745",37,17,5,15
"N00001746",20,5,1,14
"N00001747",44,7,9,28
"N00001748",34,10,6,18
"N00001749",26,10,2,14
"N00001750",20,11,1,8
"N00001751",20,7,0,13
"N00001752",15,6,0,9
"N00001753",19,3,0,16
"N00001754",29,11,0,18
"N00001755",28,6,1,21
"N00001756",23,8,0,15
"N00001757",5,3,0,2
"N00001758",19,8,1,10
"N00001759",26,8,1,17
"N00001760",79,24,5,50
"N00001761",48,15,4,29
"N00001762",11,1,2,8
"N00001763",106,31,10,65
"N00001764",12,6,0,6
"N00001765",56,19,1,36
"N00001766",13,4,0,9
"N00001767",18,6,0,12
"N00001768",25,8,0,17
"N00001769",38,12,5,21
"N00001770",34,11,1,22
"N00001771",46,17,3,26
"N00001772",20,7,0,13
"N00001773",17,10,0,7
"N00001774",30,11,0,19
"N00001775",16,3,0,13
"N00001776",19,11,0,8
"N00001777",16,6,0,10
"N00001778",21,9,2,10
"N00001779",18,6,2,10
"N00001780",34,18,0,16
"N00001781",27,11,4,12
"N00001782",24,9,4,11
"N00001783",21,11,1,9
"N00001784",11,3,1,7
"N00001785",16,3,4,9
"N00001786",15,6,1,8
"N00001787",10,4,2,4
"N00001788",23,10,1,12
"N00001789",24,9,4,11
"N00001790",19,9,0,10
"N00001791",62,21,2,39
"N00001792",52,24,3,25
"N00001793",51,16,5,30
"N00001794",37,14,1,22
"N00001795",20,9,0,11
"N00001796",34,14,3,17
"N00001797",17,5,1,11
"N00001798",43,16,0,27
"N00001799",15,4,0,11
"N00001800",29,12,0,17
"N00001801",37,11,2,24
"N00001802",20,7,2,11
"N00001803",19,8,2,9
"N00001804",37,11,1,25
"N00001805",43,8,2,33
"N00001806",19,5,1,13
"N00001807",11,3,0,8
"N00001808",10,3,2,5
"N00001809",20,9,1,10
"N00001810",15,6,3,6
"N00001811",20,3,6,11
"N00001812",8,2,0,6
"N00001813",2,0,0,2
"N00001814",30,10,1,19
"N00001815",21,5,0,16
"N00001816",27,14,1,12
"N00001817",15,6,0,9
"N00001818",15,7,2,6
"N00001819",26,9,3,14
"N00001820",10,3,2,5
"N00001821",32,11,1,20
"N00001822",7,0,0,7
"N00001823",14,4,0,10
"N00001824",27,12,0,15
"N00001825",18,5,1,12
"N00001826",28,14,3,11
"N00001827",23,11,0,12
"N00001828",6,1,2,3
"N00001829",16,4,1,11
"N00001830",36,16,1,19
"N00001831",35,9,1,25
"N00001832",9,3,2,4
"N00001833",15,6,0,9
"N00001834",16,8,1,7
"N00001835",18,6,1,11
"N00001836",22,8,3,11
"N00001837",4,1,2,1
"N00001838",13,7,2,4
"N00001839",16,7,3,6
"N00001840",45,7,6,32
"N00001841",16,6,0,10
"N00001842",5,0,0,5
"N00001843",28,11,0,17
"N00001844",13,3,1,9
"N00001845",16,5,0,11
"N00001846",13,4,0,9
"N00001847",19,5,0,14
"N00001848",29,11,0,18
"N00001849",17,3,4,10
"N00001850",37,15,0,22
"N00001851",17,5,1,11
"N00001852",17,2,2,13
"N00001853",26,8,1,17
"N00001854",9,2,1,6
"N00001855",20,6,5,9
"N00001856",15,6,3,6
"N00001857",8,5,2,1
"N00001858",9,6,1,2
"N00001859",12,3,0,9
"N00001860",10,1,0,9
"N00001861",16,6,0,10
"N00001862",22,7,2,13
"N00001863",9,3,1,5
"N00001864",24,7,2,15
"N00001865",28,8,1,19
"N00001866",9,3,0,6
"N00001867",13,5,1,7
"N00001868",42,16,4,22
"N00001869",22,9,1,12
"N00001870",14,2,0,12
"N00001871",31,8,4,19
"N00001872",21,7,0,14
"N00001873",48,8,4,36
"N00001874",30,13,3,14
"N00001875",14,6,1,7
"N00001876",16,3,3,10
"N00001877",15,7,1,7
"N00001878",20,7,1,12
"N00001879",15,3,4,8
"N00001880",20,7,1,12
"N00001881",57,13,11,33
"N00001882",13,4,2,7
"N00001883",16,7,0,9
"N00001884",9,6,0,3
"N00001885",6,0,0,6
"N00001886",14,4,2,8
"N00001887",8,2,2,4
"N00001888",18,3,0,15
"N00001889",14,3,1,10
"N00001890",29,13,4,12
"N00001891",26,10,2,14
"N00001892",10,3,1,6
"N00001893",10,1,3,6
"N00001894",21,6,4,11
"N00001895",19,1,2,16
"N00001896",17,7,4,6
"N00001897",22,12,1,9
"N00001898",13,5,1,7
"N00001899",8,2,0,6
"N00001900",20,8,2,10
"N00001901",30,12,3,15
"N00001902",45,16,3,26
"N00001903",58,12,4,42
"N00001904",21,9,3,9
"N00001905",13,5,1,7
"N00001906",18,11,0,7
"N00001907",22,9,1,12
"N00001908",13,1,3,9
"N00001909",27,12,1,14
"N00001910",29,15,0,14
"N00001911",16,6,1,9
"N00001912",21,7,0,14
"N00001913",20,10,1,9
"N00001914",16,7,1,8
"N00001915",39,15,1,23
"N00001916",17,3,1,13
"N00001917",19,9,0,10
"N00001918",12,5,0,7
"N00001919",16,7,0,9
"N00001920",18,10,1,7
"N00001921",12,4,0,8
"N00001922",14,2,1,11
"N00001923",7,5,0,2
"N00001924",19,5,3,11
"N00001925",12,3,1,8
"N00001926",21,6,1,14
"N00001927",9,3,0,6
"N00001928",14,6,1,7
"N00001929",16,6,0,10
"N00001930",17,8,1,8
"N00001931",14,5,2,7
"N00001932",22,9,4,9
"N00001933",13,4,1,8
"N00001934",7,1,0,6
"N00001935",29,9,0,20
"N00001936",19,8,0,11
"N00001937",23,9,1,13
"N00001938",26,11,2,13
"N00001939",15,5,2,8
"N00001940",30,12,2,16
"N00001941",22,10,0,12
"N00001942",22,9,1,12
"N00001943",26,7,2,17
"N00001944",23,1,3,19
"N00001945",27,6,1,20
"N00001946",15,3,0,12
"N00001947",29,7,1,21
"N00001948",10,3,0,7
"N00001949",47,15,1,31
"N00001950",17,6,1,10
"N00001951",20,5,1,14
"N00001952",17,5,0,12
"N00001953",9,0,1,8
"N00001954",17,6,0,11
"N00001955",20,6,0,14
"N00001956",16,5,5,6
"N00001957",25,8,2,15
"N00001958",20,6,3,11
"N00001959",4,1,0,3
"N00001960",12,3,1,8
"N00001961",34,15,7,12
"N00001962",12,6,0,6
"N00001963",10,3,1,6
"N00001964",12,0,1,11
"N00001965",14,3,2,9
"N00001966",17,5,1,11
"N00001967",27,9,0,18
"N00001968",15,3,0,12
"N00001969",32,10,4,18
"N00001970",18,3,0,15
"N00001971",21,6,0,15
"N00001972",16,6,2,8
"N00001973",17,4,2,11
"N00001974",10,3,0,7
"N00001975",18,3,1,14
"N00001976",18,3,3,12
"N00001977",20,5,3,12
"N00001978",17,7,4,6
"N00001979",10,3,1,6
"N00001980",14,1,4,9
"N00001981",4,0,0,4
"N00001982",50,8,3,39
"N00001983",13,3,0,10
"N00001984",22,10,5,7
"N00001985",16,5,1,10
"N00001986",23,8,3,12
"N00001987",31,7,4,20
"N00001988",17,5,4,8
"N00001989",26,4,1,21
"N00001990",19,5,0,14
"N00001991",16,5,3,8
"N00001992",7,1,0,6
"N00001993",18,3,1,14
"N00001994",23,7,6,10
"N00001995",17,5,1,11
"N00001996",19,6,1,12
"N00001997",24,2,3,19
"N00001998",22,8,0,14
"N00001999",417,202,40,175
"N00002000",13,1,1,11
"N00002001",24,8,0,16
"N00002002",16,5,0,11
"N00002003",16,7,0,9
"N00002004",23,10,0,13
"N00002005",8,1,0,7
"N00002006",8,2,0,6
"N00002007",7,5,0,2
"N00002008",27,6,3,18
"N00002009",11,3,1,7
"N00002010",21,6,1,14
"N00002011",41,10,5,26
"N00002012",22,4,2,16
"N00002013",15,5,0,10
"N00002014",67,16,10,41
"N00002015",19,2,0,17
"N00002016",20,4,1,15
"N00002017",20,4,4,12
"N00002018",104,17,11,76
"N00002019",20,3,2,15
"N00002020",17,5,0,12
"N00002021",23,6,0,17
"N00002022",24,2,0,22
"N00002023",23,6,2,15
"N00002024",36,8,0,28
"N00002025",12,6,0,6
"N00002026",16,4,0,12
"N00002027",7,0,0,7
"N00002028",80,26,7,47
"N00002029",43,7,3,33
"N00002030",17,6,2,9
"N00002031",36,9,5,22
"N00002032",24,5,1,18
"N00002033",12,2,0,10
"N00002034",26,4,0,22
"N00002035",31,6,1,24
"N00002036",16,6,0,10
"N00002037",31,9,3,19
"N00002038",21,7,1,13
"N00002039",14,6,1,7
"N00002040",21,7,3,11
"N00002041",22,10,1,11
"N00002042",12,5,0,7
"N00002043",14,2,0,12
"N00002044",21,2,1,18
"N00002045",19,8,0,11
"N00002046",13,1,0,12
"N00002047",15,8,3,4
"N00002048",10,5,1,4
"N00002049",20,7,6,7
"N00002050",5,1,2,2
"N00002051",40,16,0,24
"N00002052",17,5,0,12
"N00002053",21,5,1,15
"N00002054",28,4,0,24
"N00002055",29,8,2,19
"N00002056",22,8,1,13
"N00002057",29,2,4,23
"N00002058",44,15,0,29
"N00002059",14,2,0,12
"N00002060",52,16,1,35
"N00002061",36,9,2,25
"N00002062",10,1,1,8
"N00002063",80,25,6,49
"N00002064",188,94,8,86
"N00002065",30,10,1,19
"N00002066",28,6,2,20
"N00002067",441,248,22,171
"N00002068",30,11,2,17
"N00002069",19,3,5,11
"N00002070",81,17,14,50
"N00002071",14,2,2,10
"N00002072",22,5,1,16
"N00002073",23,5,6,12
"N00002074",71,22,9,40
"N00002075",29,8,2,19
"N00002076",13,3,0,10
"N00002077",12,5,0,7
"N00002078",13,4,2,7
"N00002079",56,10,5,41
"N00002080",21,4,3,14
"N00002081",15,8,1,6
"N00002082",711,288,103,320
"N00002083",19,1,2,16
"N00002084",34,6,4,24
"N00002085",60,15,6,39
"N00002086",37,11,3,23
"N00002087",10,2,1,7
"N00002088",20,2,2,16
"N00002089",29,8,5,16
"N00002090",48,10,1,37
"N00002091",70,7,3,60
"N00002092",31,6,3,22
"N00002093",38,6,5,27
"N00002094",32,11,3,18
"N00002095",33,7,1,25
"N00002096",25,5,3,17
"N00002097",26,10,0,16
"N00002098",30,6,9,15
"N00002099",35,7,2,26
"N00002100",27,7,2,18
"N00002101",51,14,4,33
"N00002102",25,5,4,16
"N00002103",71,16,8,47
"N00002104",19,0,4,15
"N00002105",21,6,2,13
"N00002106",25,7,3,15
"N00002107",49,10,4,35
"N00002108",42,6,0,36
"N00002109",47,6,5,36
"N00002110",49,18,1,30
"N00002111",50,20,1,29
"N00002112",40,6,3,31
"N00002113",42,11,0,31
"N00002114",25,6,3,16
"N00002115",12,3,1,8
"N00002116",12,1,0,11
"N00002117",21,5,1,15
"N00002118",40,9,8,23
"N00002119",21,4,1,16
"N00002120",10,1,0,9
"N00002121",23,4,3,16
"N00002122",36,14,1,21
"N00002123",37,8,1,28
"N00002124",12,2,0,10
"N00002125",76,20,1,55
"N00002126",21,6,0,15
"N00002127",40,7,0,33
"N00002128",31,7,3,21
"N00002129",62,13,9,40
"N00002130",15,8,0,7
"N00002131",25,6,3,16
"N00002132",42,15,3,24
"N00002133",36,13,1,22
"N00002134",27,12,1,14
"N00002135",39,12,1,26
"N00002136",16,4,2,10
"N00002137",13,3,0,10
"N00002138",18,3,0,15
"N00002139",46,11,5,30
"N00002140",18,8,0,10
"N00002141",11,5,0,6
"N00002142",7,3,1,3
"N00002143",35,7,4,24
"N00002144",40,7,0,33
"N00002145",48,14,1,33
"N00002146",25,6,3,16
"N00002147",33,5,2,26
"N00002148",36,12,0,24
"N00002149",35,9,0,26
"N00002150",15,5,0,10
"N00002151",23,3,0,20
"N00002152",70,35,7,28
"N00002153",44,11,0,33
"N00002154",41,11,3,27
"N00002155",57,9,4,44
"N00002156",28,4,0,24
"N00002157",13,5,1,7
"N00002158",35,15,3,17
"N00002159",50,14,1,35
"N00002160",28,3,3,22
"N00002161",25,1,0,24
"N00002162",46,13,0,33
"N00002163",28,8,0,20
"N00002164",22,7,4,11
"N00002165",33,10,1,22
"N00002166",25,9,2,14
"N00002167",14,3,0,11
"N00002168",28,6,4,18
"N00002169",28,6,6,16
"N00002170",27,6,3,18
"N00002171",41,15,4,22
"N00002172",38,15,1,22
"N00002173",43,11,3,29
"N00002174",39,12,5,22
"N00002175",44,18,3,23
"N00002176",45,14,5,26
"N00002177",47,16,1,30
"N00002178",38,14,3,21
"N00002179",21,5,2,14
"N00002180",8,4,0,4
"N00002181",42,14,3,25
"N00002182",15,2,0,13
"N00002183",9,6,0,3
"N00002184",6,1,0,5
"N00002185",14,3,3,8
"N00002186",4,0,1,3
"N00002187",8,0,1,7
"N00002188",4,0,0,4
"N00002189",16,1,1,14
"N00002190",23,4,2,17
"N00002191",13,0,4,9
"N00002192",29,9,3,17
"N00002193",15,2,1,12
"N00002194",11,5,0,6
"N00002195",14,4,3,7
"N00002196",49,11,1,37
"N00002197",43,16,2,25
"N00002198",13,7,1,5
"N00002199",21,4,3,14
"N00002200",27,6,1,20
"N00002201",15,0,1,14
"N00002202",30,8,4,18
"N00002203",84,28,8,48
"N00002204",28,9,2,17
"N00002205",55,21,6,28
"N00002206",16,7,0,9
"N00002207",18,6,1,11
"N00002208",29,10,0,19
"N00002209",34,11,2,21
"N00002210",34,14,2,18
"N00002211",7,0,2,5
"N00002212",10,1,0,9
"N00002213",58,18,5,35
"N00002214",37,17,0,20
"N00002215",10,3,3,4
"N00002216",11,2,0,9
"N00002217",11,1,0,10
"N00002218",9,3,4,2
"N00002219",10,5,1,4
"N00002220",24,3,4,17
"N00002221",20,7,3,10
"N00002222",8,1,2,5
"N00002223",3,0,1,2
"N00002224",12,3,1,8
"N00002225",15,5,0,10
"N00002226",11,1,1,9
"N00002227",11,2,2,7
"N00002228",11,1,0,10
"N00002229",76,28,3,45
"N00002230",16,6,1,9
"N00002231",22,2,1,19
"N00002232",34,8,5,21
"N00002233",24,8,4,12
"N00002234",11,3,2,6
"N00002235",25,5,1,19
"N00002236",31,4,7,20
"N00002237",33,8,8,17
"N00002238",25,9,2,14
"N00002239",7,1,1,5
"N00002240",26,8,0,18
"N00002241",9,4,0,5
"N00002242",25,12,0,13
"N00002243",12,5,2,5
"N00002244",20,4,0,16
"N00002245",1,0,0,1
"N00002246",40,21,2,17
"N00002247",54,14,5,35
"N00002248",58,25,3,30
"N00002249",72,19,8,45
"N00002250",24,6,0,18
"N00002251",31,18,0,13
"N00002252",79,31,3,45
"N00002253",30,6,4,20
"N00002254",48,19,2,27
"N00002255",35,10,4,21
"N00002256",36,11,0,25
"N00002257",20,6,2,12
"N00002258",29,9,4,16
"N00002259",16,3,2,11
"N00002260",41,11,4,26
"N00002261",42,14,1,27
"N00002262",43,18,4,21
"N00002263",30,9,1,20
"N00002264",41,13,3,25
"N00002265",38,12,4,22
"N00002266",17,2,1,14
"N00002267",27,6,3,18
"N00002268",62,23,5,34
"N00002269",18,5,0,13
"N00002270",25,5,4,16
"N00002271",26,1,5,20
"N00002272",20,4,1,15
"N00002273",35,11,5,19
"N00002274",18,4,3,11
"N00002275",19,1,5,13
"N00002276",19,3,1,15
"N00002277",27,3,4,20
"N00002278",29,11,0,18
"N00002279",8,1,1,6
"N00002280",19,11,0,8
"N00002281",36,8,6,22
"N00002282",20,5,2,13
"N00002283",18,7,1,10
"N00002284",17,7,0,10
"N00002285",51,19,5,27
"N00002286",26,10,3,13
"N00002287",24,4,3,17
"N00002288",20,6,1,13
"N00002289",16,3,2,11
"N00002290",28,11,0,17
"N00002291",24,3,2,19
"N00002292",20,2,2,16
"N00002293",10,4,1,5
"N00002294",13,5,0,8
"N00002295",19,7,1,11
"N00002296",18,5,1,12
"N00002297",27,9,0,18
"N00002298",13,2,1,10
"N00002299",17,5,0,12
"N00002300",43,11,0,32
"N00002301",35,11,2,22
"N00002302",55,19,1,35
"N00002303",31,8,4,19
"N00002304",10,1,0,9
"N00002305",46,14,1,31
"N00002306",81,19,11,51
"N00002307",33,13,2,18
"N00002308",31,12,1,18
"N00002309",6,3,0,3
"N00002310",12,3,0,9
"N00002311",9,5,1,3
"N00002312",10,0,1,9
"N00002313",13,4,1,8
"N00002314",17,6,0,11
"N00002315",26,10,0,16
"N00002316",10,4,1,5
"N00002317",18,7,0,11
"N00002318",14,3,1,10
"N00002319",36,14,4,18
"N00002320",15,7,0,8
"N00002321",15,3,0,12
"N00002322",21,3,0,18
"N00002323",15,2,1,12
"N00002324",21,6,0,15
"N00002325",33,9,1,23
"N00002326",17,3,2,12
"N00002327",86,26,3,57
"N00002328",28,4,2,22
"N00002329",12,2,1,9
"N00002330",32,15,2,15
"N00002331",59,24,3,32
"N00002332",20,4,1,15
"N00002333",23,11,0,12
"N00002334",21,5,0,16
"N00002335",33,7,2,24
"N00002336",26,9,8,9
"N00002337",40,9,3,28
"N00002338",11,8,1,2
"N00002339",17,7,4,6
"N00002340",15,7,0,8
"N00002341",7,2,0,5
"N00002342",14,6,0,8
"N00002343",22,7,1,14
"N00002344",14,5,0,9
"N00002345",8,0,3,5
"N00002346",13,3,4,6
"N00002347",32,11,1,20
"N00002348",8,0,1,7
"N00002349",11,2,0,9
"N00002350",7,1,0,6
"N00002351",78,28,8,42
"N00002352",13,3,1,9
"N00002353",118,39,13,66
"N00002354",16,6,0,10
"N00002355",28,12,2,14
"N00002356",34,16,4,14
"N00002357",23,12,3,8
"N00002358",18,5,2,11
"N00002359",16,3,1,12
"N00002360",4,0,1,3
"N00002361",17,7,1,9
"N00002362",13,4,0,9
"N00002363",10,2,1,7
"N00002364",4,2,0,2
"N00002365",18,4,0,14
"N00002366",11,3,0,8
"N00002367",14,2,0,12
"N00002368",34,9,1,24
"N00002369",42,7,0,35
"N00002370",24,7,0,17
"N00002371",35,2,2,31
"N00002372",27,8,0,19
"N00002373",16,4,0,12
"N00002374",11,3,0,8
"N00002375",22,9,0,13
"N00002376",38,13,4,21
"N00002377",21,6,2,13
"N00002378",26,10,1,15
"N00002379",35,7,2,26
"N00002380",13,4,1,8
"N00002381",28,9,2,17
"N00002382",30,12,3,15
"N00002383",39,10,2,27
"N00002384",25,4,5,16
"N00002385",18,4,3,11
"N00002386",14,2,1,11
"N00002387",14,6,0,8
"N00002388",17,8,0,9
"N00002389",26,12,0,14
"N00002390",13,3,1,9
"N00002391",38,14,0,24
"N00002392",38,17,4,17
"N00002393",73,21,3,49
"N00002394",46,12,8,26
"N00002395",34,13,1,20
"N00002396",14,2,1,11
"N00002397",19,5,0,14
"N00002398",19,4,1,14
"N00002399",13,3,1,9
"N00002400",7,2,1,4
"N00002401",99,15,16,68
"N00002402",13,1,0,12
"N00002403",15,1,0,14
"N00002404",46,15,0,31
"N00002405",27,11,0,16
"N00002406",23,6,0,17
"N00002407",15,3,0,12
"N00002408",26,5,2,19
"N00002409",24,9,3,12
"N00002410",23,8,4,11
"N00002411",41,10,3,28
"N00002412",49,10,5,34
"N00002413",39,10,3,26
"N00002414",22,4,2,16
"N00002415",18,9,0,9
"N00002416",20,3,0,17
"N00002417",18,4,1,13
"N00002418",44,9,2,33
"N00002419",39,4,3,32
"N00002420",33,9,1,23
"N00002421",31,12,1,18
"N00002422",34,6,2,26
"N00002423",17,3,1,13
"N00002424",29,6,3,20
"N00002425",11,6,1,4
"N00002426",33,9,4,20
"N00002427",31,10,2,19
"N00002428",25,6,0,19
"N00002429",13,2,2,9
"N00002430",29,3,4,22
"N00002431",92,24,6,62
"N00002432",16,5,1,10
"N00002433",50,17,5,28
"N00002434",19,2,2,15
"N00002435",16,8,1,7
"N00002436",43,11,3,29
"N00002437",29,7,6,16
"N00002438",19,8,0,11
"N00002439",23,6,0,17
"N00002440",20,4,0,16
"N00002441",8,2,0,6
"N00002442",22,2,2,18
"N00002443",28,7,6,15
"N00002444",52,16,10,26
"N00002445",14,3,0,11
"N00002446",5,2,0,3
"N00002447",18,6,1,11
"N00002448",20,6,1,13
"N00002449",19,5,3,11
"N00002450",10,4,0,6
"N00002451",47,6,6,35
"N00002452",22,5,0,17
"N00002453",30,12,3,15
"N00002454",22,4,2,16
"N00002455",30,3,2,25
"N00002456",31,9,2,20
"N00002457",29,8,3,18
"N00002458",13,4,0,9
"N00002459",51,17,4,30
"N00002460",32,5,4,23
"N00002461",44,14,2,28
"N00002462",34,5,0,29
"N00002463",41,13,3,25
"N00002464",27,7,0,20
"N00002465",117,22,13,82
"N00002466",34,8,4,22
"N00002467",37,5,3,29
"N00002468",20,6,3,11
"N00002469",47,6,6,35
"N00002470",30,10,0,20
"N00002471",27,10,1,16
"N00002472",39,11,7,21
"N00002473",38,8,4,26
"N00002474",37,7,4,26
"N00002475",33,5,9,19
"N00002476",32,8,7,17
"N00002477",25,4,3,18
"N00002478",67,14,8,45
"N00002479",53,13,6,34
"N00002480",53,16,6,31
"N00002481",45,10,8,27
"N00002482",23,5,3,15
"N00002483",21,1,5,15
"N00002484",32,6,3,23
"N00002485",32,6,3,23
"N00002486",51,11,2,38
"N00002487",52,17,5,30
"N00002488",160,46,14,100
"N00002489",65,15,6,44
"N00002490",26,8,0,18
"N00002491",31,10,2,19
"N00002492",29,10,2,17
"N00002493",14,2,2,10
"N00002494",36,6,8,22
"N00002495",46,13,11,22
"N00002496",29,4,10,15
"N00002497",54,12,11,31
"N00002498",109,30,11,68
"N00002499",54,17,7,30
"N00002500",47,8,0,39
"N00002501",165,40,11,114
"N00002502",28,8,3,17
"N00002503",16,3,0,13
"N00002504",8,1,2,5
"N00002505",17,1,2,14
"N00002506",20,4,2,14
"N00002507",34,10,1,23
"N00002508",8,3,0,5
"N00002509",8,2,0,6
"N00002510",29,12,0,17
"N00002511",9,0,0,9
"N00002512",34,12,1,21
"N00002513",36,4,5,27
"N00002514",41,8,5,28
"N00002515",21,5,2,14
"N00002516",34,8,6,20
"N00002517",19,6,0,13
"N00002518",63,11,10,42
"N00002519",23,4,4,15
"N00002520",67,10,6,51
"N00002521",82,15,12,55
"N00002522",23,1,2,20
"N00002523",23,5,1,17
"N00002524",35,8,2,25
"N00002525",133,45,13,75
"N00002526",55,13,5,37
"N00002527",42,15,3,24
"N00002528",41,11,6,24
"N00002529",47,14,1,32
"N00002530",40,11,4,25
"N00002531",63,24,7,32
"N00002532",37,13,6,18
"N00002533",57,11,6,40
"N00002534",27,9,3,15
"N00002535",62,19,7,36
"N00002536",29,10,6,13
"N00002537",122,28,14,80
"N00002538",60,19,4,37
"N00002539",20,6,4,10
"N00002540",145,42,17,86
"N00002541",68,24,3,41
"N00002542",30,4,0,26
"N00002543",15,5,0,10
"N00002544",33,14,6,13
"N00002545",20,5,4,11
"N00002546",16,2,2,12
"N00002547",58,14,6,38
"N00002548",27,1,4,22
"N00002549",8,1,1,6
"N00002550",12,2,3,7
"N00002551",21,2,2,17
"N00002552",13,3,2,8
"N00002553",8,3,0,5
"N00002554",29,10,8,11
"N00002555",27,11,2,14
"N00002556",19,5,1,13
"N00002557",19,3,3,13
"N00002558",16,6,2,8
"N00002559",15,10,0,5
"N00002560",49,7,3,39
"N00002561",15,4,0,11
"N00002562",31,8,4,19
"N00002563",41,13,4,24
"N00002564",13,3,0,10
"N00002565",26,5,4,17
"N00002566",20,4,2,14
"N00002567",44,10,4,30
"N00002568",23,6,1,16
"N00002569",19,4,4,11
"N00002570",14,2,0,12
"N00002571",33,13,4,16
"N00002572",21,4,0,17
"N00002573",16,8,0,8
"N00002574",22,10,0,12
"N00002575",31,8,0,23
"N00002576",69,16,5,48
"N00002577",65,19,8,38
"N00002578",27,4,3,20
"N00002579",40,2,9,29
"N00002580",22,6,2,14
"N00002581",19,5,1,13
"N00002582",145,42,11,92
"N00002583",23,5,2,16
"N00002584",37,6,6,25
"N00002585",18,4,2,12
"N00002586",24,7,1,16
"N00002587",61,9,11,41
"N00002588",19,3,2,14
"N00002589",35,5,7,23
"N00002590",146,29,18,99
"N00002591",114,30,12,72
"N00002592",53,17,3,33
"N00002593",26,13,0,13
"N00002594",31,5,4,22
"N00002595",44,12,3,29
"N00002596",37,9,5,23
"N00002597",39,8,3,28
"N00002598",23,8,6,9
"N00002599",35,14,4,17
"N00002600",42,15,7,20
"N00002601",34,11,3,20
"N00002602",38,12,3,23
"N00002603",114,48,19,47
"N00002604",79,35,8,36
"N00002605",19,3,5,11
"N00002606",29,9,3,17
"N00002607",10,1,3,6
"N00002608",37,12,4,21
"N00002609",520,194,79,247
"N00002610",63,16,2,45
"N00002611",8,3,1,4
"N00002612",47,13,3,31
"N00002613",48,12,3,33
"N00002614",29,4,4,21
"N00002615",28,5,3,20
"N00002616",21,5,1,15
"N00002617",27,9,3,15
"N00002618",19,5,3,11
"N00002619",36,9,5,22
"N00002620",24,3,2,19
"N00002621",5,2,1,2
"N00002622",19,5,2,12
"N00002623",12,7,0,5
"N00002624",16,4,4,8
"N00002625",25,4,4,17
"N00002626",77,20,8,49
"N00002627",13,1,2,10
"N00002628",83,17,12,54
"N00002629",13,4,0,9
"N00002630",20,0,0,20
"N00002631",26,4,0,22
"N00002632",25,12,0,13
"N00002633",24,5,0,19
"N00002634",25,6,0,19
"N00002635",16,1,0,15
"N00002636",30,6,2,22
"N00002637",28,9,0,19
"N00002638",24,5,0,19
"N00002639",11,1,1,9
"N00002640",20,6,0,14
"N00002641",24,10,1,13
"N00002642",38,14,1,23
"N00002643",27,7,1,19
"N00002644",16,5,2,9
"N00002645",16,4,2,10
"N00002646",16,6,2,8
"N00002647",35,8,8,19
"N00002648",10,5,0,5
"N00002649",26,9,3,14
"N00002650",18,6,2,10
"N00002651",22,9,0,13
"N00002652",16,1,3,12
"N00002653",18,6,0,12
"N00002654",18,9,2,7
"N00002655",20,6,1,13
"N00002656",34,5,6,23
"N00002657",29,9,2,18
"N00002658",27,11,1,15
"N00002659",27,5,3,19
"N00002660",30,9,0,21
"N00002661",25,8,2,15
"N00002662",18,6,1,11
"N00002663",20,7,0,13
"N00002664",15,3,4,8
"N00002665",14,6,0,8
"N00002666",16,5,1,10
"N00002667",52,12,0,40
"N00002668",25,9,0,16
"N00002669",23,9,1,13
"N00002670",142,46,4,92
"N00002671",117,35,12,70
"N00002672",23,3,0,20
"N00002673",78,30,9,39
"N00002674",20,3,0,17
"N00002675",30,12,1,17
"N00002676",44,8,5,31
"N00002677",35,9,0,26
"N00002678",29,10,1,18
"N00002679",36,13,6,17
"N00002680",44,11,0,33
"N00002681",21,7,0,14
"N00002682",43,12,3,28
"N00002683",32,7,2,23
"N00002684",23,3,2,18
"N00002685",34,9,0,25
"N00002686",17,4,1,12
"N00002687",18,4,0,14
"N00002688",22,7,0,15
"N00002689",14,5,1,8
"N00002690",15,2,2,11
"N00002691",25,9,0,16
"N00002692",15,5,1,9
"N00002693",20,6,2,12
"N00002694",22,3,1,18
"N00002695",44,12,4,28
"N00002696",26,8,3,15
"N00002697",25,8,0,17
"N00002698",28,11,3,14
"N00002699",17,2,1,14
"N00002700",39,14,1,24
"N00002701",42,13,3,26
"N00002702",29,8,1,20
"N00002703",49,17,3,29
"N00002704",53,17,0,36
"N00002705",48,16,4,28
"N00002706",21,11,0,10
"N00002707",33,12,5,16
"N00002708",15,3,0,12
"N00002709",27,11,0,16
"N00002710",19,7,2,10
"N00002711",38,7,7,24
"N00002712",25,11,2,12
"N00002713",19,5,2,12
"N00002714",38,11,2,25
"N00002715",24,9,2,13
"N00002716",24,13,0,11
"N00002717",43,14,6,23
"N00002718",31,15,1,15
"N00002719",16,5,1,10
"N00002720",18,8,0,10
"N00002721",26,13,1,12
"N00002722",35,14,0,21
"N00002723",36,10,1,25
"N00002724",19,9,0,10
"N00002725",25,7,0,18
"N00002726",63,28,0,35
"N00002727",39,7,8,24
"N00002728",58,11,2,45
"N00002729",14,7,0,7
"N00002730",14,6,0,8
"N00002731",15,5,0,10
"N00002732",15,2,1,12
"N00002733",16,5,0,11
"N00002734",33,12,2,19
"N00002735",24,8,3,13
"N00002736",27,11,2,14
"N00002737",20,8,1,11
"N00002738",42,11,2,29
"N00002739",36,5,2,29
"N00002740",19,4,0,15
"N00002741",29,7,1,21
"N00002742",28,4,5,19
"N00002743",18,1,1,16
"N00002744",16,5,4,7
"N00002745",26,7,1,18
"N00002746",16,4,0,12
"N00002747",9,5,2,2
"N00002748",19,5,1,13
"N00002749",23,9,1,13
"N00002750",9,2,2,5
"N00002751",18,2,4,12
"N00002752",13,2,1,10
"N00002753",48,16,1,31
"N00002754",39,11,1,27
"N00002755",39,12,5,22
"N00002756",15,7,1,7
"N00002757",28,7,0,21
"N00002758",12,2,2,8
"N00002759",21,4,3,14
"N00002760",31,9,2,20
"N00002761",74,16,10,48
"N00002762",24,3,0,21
"N00002763",32,6,2,24
"N00002764",30,10,3,17
"N00002765",25,5,2,18
"N00002766",23,8,3,12
"N00002767",24,9,3,12
"N00002768",22,11,0,11
"N00002769",36,15,2,19
"N00002770",45,15,1,29
"N00002771",16,5,1,10
"N00002772",19,6,2,11
"N00002773",9,3,2,4
"N00002774",48,18,5,25
"N00002775",32,15,2,15
"N00002776",20,8,0,12
"N00002777",24,8,1,15
"N00002778",6,0,0,6
"N00002779",25,8,0,17
"N00002780",16,7,0,9
"N00002781",21,8,2,11
"N00002782",39,15,3,21
"N00002783",40,16,1,23
"N00002784",47,9,7,31
"N00002785",38,5,7,26
"N00002786",48,11,3,34
"N00002787",40,8,2,30
"N00002788",34,13,1,20
"N00002789",33,14,1,18
"N00002790",30,15,0,15
"N00002791",33,8,0,25
"N00002792",37,10,0,27
"N00002793",35,10,1,24
"N00002794",37,6,3,28
"N00002795",42,6,0,36
"N00002796",30,9,3,18
"N00002797",43,11,0,32
"N00002798",36,6,2,28
"N00002799",20,0,2,18
"N00002800",28,6,3,19
"N00002801",49,14,2,33
"N00002802",30,10,1,19
"N00002803",25,3,1,21
"N00002804",17,3,0,14
"N00002805",22,6,1,15
"N00002806",31,10,3,18
"N00002807",29,5,1,23
"N00002808",24,11,3,10
"N00002809",41,6,1,34
"N00002810",25,7,2,16
"N00002811",17,3,1,13
"N00002812",31,6,1,24
"N00002813",24,4,1,19
"N00002814",24,2,2,20
"N00002815",11,1,3,7
"N00002816",22,7,1,14
"N00002817",41,10,2,29
"N00002818",16,3,4,9
"N00002819",29,9,0,20
"N00002820",25,8,0,17
"N00002821",32,9,2,21
"N00002822",35,6,2,27
"N00002823",23,7,1,15
"N00002824",14,4,1,9
"N00002825",47,13,6,28
"N00002826",14,4,0,10
"N00002827",25,6,1,18
"N00002828",25,7,2,16
"N00002829",35,7,4,24
"N00002830",41,20,1,20
"N00002831",32,11,0,21
"N00002832",32,5,1,26
"N00002833",28,12,0,16
"N00002834",38,12,1,25
"N00002835",43,13,2,28
"N00002836",41,13,5,23
"N00002837",20,5,1,14
"N00002838",37,10,3,24
"N00002839",13,3,2,8
"N00002840",103,27,9,67
"N00002841",49,12,6,31
"N00002842",43,14,1,28
"N00002843",31,8,0,23
"N00002844",20,2,1,17
"N00002845",18,3,2,13
"N00002846",37,3,2,32
"N00002847",43,11,2,30
"N00002848",96,28,3,65
"N00002849",11,1,2,8
"N00002850",20,4,3,13
"N00002851",34,9,2,23
"N00002852",19,8,3,8
"N00002853",71,12,4,55
"N00002854",44,13,1,30
"N00002855",15,6,0,9
"N00002856",22,6,0,16
"N00002857",32,9,1,22
"N00002858",26,8,1,17
"N00002859",28,11,1,16
"N00002860",17,6,1,10
"N00002861",41,12,3,26
"N00002862",17,5,0,12
"N00002863",17,6,0,11
"N00002864",21,8,1,12
"N00002865",52,9,3,40
"N00002866",37,11,0,26
"N00002867",48,13,1,34
"N00002868",31,4,7,20
"N00002869",31,8,0,23
"N00002870",51,17,3,31
"N00002871",52,22,4,26
"N00002872",12,3,1,8
"N00002873",18,4,0,14
"N00002874",23,5,2,16
"N00002875",53,18,2,33
"N00002876",32,11,0,21
"N00002877",9,3,0,6
"N00002878",5,3,1,1
"N00002879",16,5,1,10
"N00002880",25,5,1,19
"N00002881",19,9,3,7
"N00002882",22,11,0,11
"N00002883",29,6,4,19
"N00002884",39,10,1,28
"N00002885",26,2,0,24
"N00002886",49,16,2,31
"N00002887",43,11,0,32
"N00002888",34,8,1,25
"N00002889",14,3,1,10
"N00002890",30,4,3,23
"N00002891",46,14,4,28
"N00002892",32,5,3,24
"N00002893",15,4,0,11
"N00002894",14,5,1,8
"N00002895",37,7,4,26
"N00002896",25,4,2,19
"N00002897",48,14,8,26
"N00002898",18,7,1,10
"N00002899",19,6,1,12
"N00002900",13,8,0,5
"N00002901",13,4,0,9
"N00002902",19,8,2,9
"N00002903",37,15,2,20
"N00002904",30,8,0,22
"N00002905",41,14,3,24
"N00002906",42,11,3,28
"N00002907",61,12,0,49
"N00002908",40,10,1,29
"N00002909",54,14,3,37
"N00002910",71,17,7,47
"N00002911",71,19,4,48
"N00002912",28,9,1,18
"N00002913",22,6,1,15
"N00002914",72,28,4,40
"N00002915",11,3,1,7
"N00002916",37,12,0,25
"N00002917",18,3,1,14
"N00002918",16,0,0,16
"N00002919",39,9,3,27
"N00002920",20,0,3,17
"N00002921",17,4,1,12
"N00002922",33,6,3,24
"N00002923",20,8,1,11
"N00002924",32,9,2,21
"N00002925",13,3,0,10
"N00002926",27,4,2,21
"N00002927",35,3,2,30
"N00002928",21,3,2,16
"N00002929",40,11,2,27
"N00002930",32,8,0,24
"N00002931",21,9,0,12
"N00002932",25,2,0,23
"N00002933",37,20,1,16
"N00002934",30,4,1,25
"N00002935",27,6,1,20
"N00002936",17,6,0,11
"N00002937",20,6,0,14
"N00002938",36,13,3,20
"N00002939",27,6,2,19
"N00002940",22,5,2,15
"N00002941",15,3,2,10
"N00002942",21,4,1,16
"N00002943",18,7,1,10
"N00002944",33,6,4,23
"N00002945",32,6,2,24
"N00002946",12,4,2,6
"N00002947",20,0,1,19
"N00002948",27,9,3,15
"N00002949",22,6,3,13
"N00002950",19,6,1,12
"N00002951",10,4,1,5
"N00002952",27,6,0,21
"N00002953",9,0,1,8
"N00002954",31,10,2,19
"N00002955",21,6,2,13
"N00002956",26,2,2,22
"N00002957",26,8,4,14
"N00002958",25,3,2,20
"N00002959",31,8,2,21
"N00002960",13,6,0,7
"N00002961",16,3,0,13
"N00002962",20,4,1,15
"N00002963",21,10,0,11
"N00002964",18,6,0,12
"N00002965",15,0,0,15
"N00002966",36,3,2,31
"N00002967",16,1,1,14
"N00002968",15,5,3,7
"N00002969",6,0,2,4
"N00002970",9,2,0,7
"N00002971",16,5,1,10
"N00002972",22,9,2,11
"N00002973",27,8,1,18
"N00002974",22,1,0,21
"N00002975",33,6,3,24
"N00002976",26,6,0,20
"N00002977",29,3,1,25
"N00002978",38,13,1,24
"N00002979",27,8,4,15
"N00002980",24,4,3,17
"N00002981",10,2,0,8
"N00002982",19,7,0,12
"N00002983",32,8,1,23
"N00002984",14,2,2,10
"N00002985",9,3,0,6
"N00002986",23,5,1,17
"N00002987",33,9,0,24
"N00002988",30,8,1,21
"N00002989",36,14,2,20
"N00002990",25,6,1,18
"N00002991",16,4,0,12
"N00002992",42,14,0,28
"N00002993",8,1,0,7
"N00002994",30,10,0,20
"N00002995",36,14,1,21
"N00002996",11,2,1,8
"N00002997",16,4,0,12
"N00002998",11,3,0,8
"N00002999",16,4,0,12
"N00003000",32,15,0,17
"N00003001",11,0,0,11
"N00003002",60,13,4,43
"N00003003",71,24,3,44
"N00003004",6,3,0,3
"N00003005",29,8,1,20
"N00003006",39,9,2,28
"N00003007",27,9,1,17
"N00003008",37,11,1,25
"N00003009",41,10,0,31
"N00003010",22,4,3,15
"N00003011",20,6,1,13
"N00003012",27,6,0,21
"N00003013",30,10,3,17
"N00003014",28,7,1,20
"N00003015",20,4,1,15
"N00003016",20,5,2,13
"N00003017",26,4,2,20
"N00003018",11,4,1,6
"N00003019",30,6,1,23
"N00003020",26,13,3,10
"N00003021",25,9,1,15
"N00003022",18,3,3,12
"N00003023",21,4,0,17
"N00003024",21,6,1,14
"N00003025",21,2,1,18
"N00003026",45,13,2,30
"N00003027",35,5,1,29
"N00003028",25,7,2,16
"N00003029",25,2,1,22
"N00003030",29,8,0,21
"N00003031",35,12,1,22
"N00003032",27,6,0,21
"N00003033",17,3,0,14
"N00003034",25,8,1,16
"N00003035",31,13,2,16
"N00003036",17,3,0,14
"N00003037",25,3,1,21
"N00003038",21,3,0,18
"N00003039",21,2,2,17
"N00003040",16,5,2,9
"N00003041",23,9,1,13
"N00003042",11,1,2,8
"N00003043",6,5,0,1
"N00003044",14,5,2,7
"N00003045",54,13,2,39
"N00003046",25,6,2,17
"N00003047",29,4,1,24
"N00003048",35,7,3,25
"N00003049",12,6,0,6
"N00003050",20,6,0,14
"N00003051",12,3,0,9
"N00003052",19,5,2,12
"N00003053",11,4,0,7
"N00003054",16,8,0,8
"N00003055",24,3,0,21
"N00003056",26,5,1,20
"N00003057",10,3,0,7
"N00003058",16,4,1,11
"N00003059",19,8,0,11
"N00003060",7,4,0,3
"N00003061",27,12,0,15
"N00003062",24,5,1,18
"N00003063",34,9,1,24
"N00003064",25,2,2,21
"N00003065",17,6,1,10
"N00003066",21,8,2,11
"N00003067",16,5,1,10
"N00003068",8,3,0,5
"N00003069",10,2,2,6
"N00003070",9,0,0,9
"N00003071",9,1,0,8
"N00003072",13,5,0,8
"N00003073",38,16,1,21
"N00003074",28,9,1,18
"N00003075",11,3,0,8
"N00003076",22,8,0,14
"N00003077",26,12,3,11
"N00003078",35,15,5,15
"N00003079",12,2,0,10
"N00003080",6,0,1,5
"N00003081",0,0,0,0
"N00003082",10,1,1,8
"N00003083",8,1,0,7
"N00003084",18,8,1,9
"N00003085",10,1,1,8
"N00003086",16,5,0,11
"N00003087",16,6,0,10
"N00003088",11,1,0,10
"N00003089",18,6,0,12
"N00003090",25,7,3,15
"N00003091",30,13,4,13
"N00003092",13,2,0,11
"N00003093",28,12,2,14
"N00003094",8,3,1,4
"N00003095",10,1,2,7
"N00003096",11,7,1,3
"N00003097",39,13,3,23
"N00003098",47,13,3,31
"N00003099",10,4,1,5
"N00003100",18,5,0,13
"N00003101",19,6,0,13
"N00003102",27,6,0,21
"N00003103",10,6,1,3
"N00003104",16,8,0,8
"N00003105",15,6,2,7
"N00003106",8,2,2,4
"N00003107",7,0,1,6
"N00003108",16,3,4,9
"N00003109",20,8,0,12
"N00003110",11,4,2,5
"N00003111",14,1,0,13
"N00003112",10,1,1,8
"N00003113",13,3,3,7
"N00003114",17,5,2,10
"N00003115",11,3,0,8
"N00003116",25,6,2,17
"N00003117",8,3,1,4
"N00003118",7,1,2,4
"N00003119",8,2,1,5
"N00003120",14,8,0,6
"N00003121",21,5,0,16
"N00003122",17,5,2,10
"N00003123",21,3,0,18
"N00003124",18,5,2,11
"N00003125",13,4,0,9
"N00003126",26,12,2,12
"N00003127",25,7,0,18
"N00003128",6,1,1,4
"N00003129",24,7,1,16
"N00003130",22,9,1,12
"N00003131",42,11,2,29
"N00003132",19,10,0,9
"N00003133",29,8,4,17
"N00003134",10,7,1,2
"N00003135",15,9,2,4
"N00003136",18,3,3,12
"N00003137",6,0,0,6
"N00003138",16,4,0,12
"N00003139",16,5,2,9
"N00003140",24,8,6,10
"N00003141",17,4,0,13
"N00003142",50,16,2,32
"N00003143",11,0,1,10
"N00003144",20,8,1,11
"N00003145",62,25,4,33
"N00003146",17,5,4,8
"N00003147",51,16,4,31
"N00003148",26,7,3,16
"N00003149",32,13,4,15
"N00003150",22,9,0,13
"N00003151",10,3,0,7
"N00003152",23,12,0,11
"N00003153",19,6,0,13
"N00003154",23,4,0,19
"N00003155",9,3,0,6
"N00003156",7,2,0,5
"N00003157",12,7,0,5
"N00003158",12,5,1,6
"N00003159",23,9,0,14
"N00003160",8,3,0,5
"N00003161",139,40,10,89
"N00003162",59,11,10,38
"N00003163",34,6,1,27
"N00003164",25,6,1,18
"N00003165",19,8,0,11
"N00003166",45,6,0,39
"N00003167",25,11,3,11
"N00003168",34,10,2,22
"N00003169",21,4,1,16
"N00003170",50,11,4,35
"N00003171",23,1,4,18
"N00003172",19,1,2,16
"N00003173",23,2,4,17
"N00003174",12,2,0,10
"N00003175",29,4,1,24
"N00003176",52,2,1,49
"N00003177",57,11,2,44
"N00003178",25,7,0,18
"N00003179",38,7,3,28
"N00003180",9,0,0,9
"N00003181",24,5,0,19
"N00003182",32,9,4,19
"N00003183",42,11,4,27
"N00003184",22,8,0,14
"N00003185",20,5,0,15
"N00003186",20,4,2,14
"N00003187",21,3,0,18
"N00003188",36,6,5,25
"N00003189",43,6,2,35
"N00003190",46,15,1,30
"N00003191",27,3,0,24
"N00003192",18,4,1,13
"N00003193",34,5,2,27
"N00003194",33,6,1,26
"N00003195",34,9,1,24
"N00003196",28,3,2,23
"N00003197",27,5,6,16
"N00003198",29,2,0,27
"N00003199",26,6,1,19
"N00003200",32,10,1,21
"N00003201",37,4,3,30
"N00003202",28,8,1,19
"N00003203",9,3,0,6
"N00003204",39,9,2,28
"N00003205",32,14,1,17
"N00003206",28,4,5,19
"N00003207",32,6,8,18
"N00003208",27,14,0,13
"N00003209",64,15,5,44
"N00003210",19,1,2,16
"N00003211",24,3,2,19
"N00003212",20,1,4,15
"N00003213",9,0,0,9
"N00003214",12,1,3,8
"N00003215",16,1,2,13
"N00003216",21,2,0,19
"N00003217",9,1,0,8
"N00003218",31,3,1,27
"N00003219",27,5,3,19
"N00003220",26,11,0,15
"N00003221",21,4,3,14
"N00003222",23,5,1,17
"N00003223",14,2,1,11
"N00003224",16,3,1,12
"N00003225",17,1,0,16
"N00003226",18,1,2,15
"N00003227",8,3,0,5
"N00003228",13,1,2,10
"N00003229",8,1,0,7
"N00003230",8,0,0,8
"N00003231",13,0,1,12
"N00003232",34,6,1,27
"N00003233",25,7,1,17
"N00003234",42,6,3,33
"N00003235",42,11,3,28
"N00003236",38,7,2,29
"N00003237",74,13,4,57
"N00003238",52,10,2,40
"N00003239",30,1,1,28
"N00003240",33,4,5,24
"N00003241",21,8,0,13
"N00003242",15,3,1,11
"N00003243",35,6,4,25
"N00003244",23,8,2,13
"N00003245",24,8,0,16
"N00003246",43,7,2,34
"N00003247",46,21,1,24
"N00003248",16,9,0,7
"N00003249",22,6,2,14
"N00003250",17,8,0,9
"N00003251",24,13,0,11
"N00003252",17,6,1,10
"N00003253",11,7,0,4
"N00003254",6,1,0,5
"N00003255",25,9,0,16
"N00003256",33,12,1,20
"N00003257",32,12,4,16
"N00003258",53,13,3,37
"N00003259",28,6,2,20
"N00003260",24,10,1,13
"N00003261",58,23,5,30
"N00003262",20,3,0,17
"N00003263",28,7,1,20
"N00003264",41,15,0,26
"N00003265",23,9,1,13
"N00003266",32,9,5,18
"N00003267",26,12,3,11
"N00003268",25,10,0,15
"N00003269",20,4,1,15
"N00003270",26,14,2,10
"N00003271",44,13,2,29
"N00003272",37,12,3,22
"N00003273",47,19,2,26
"N00003274",15,5,0,10
"N00003275",9,4,2,3
"N00003276",35,14,2,19
"N00003277",34,12,1,21
"N00003278",35,13,2,20
"N00003279",12,3,1,8
"N00003280",70,28,3,39
"N00003281",22,6,3,13
"N00003282",110,40,6,64
"N00003283",10,4,0,6
"N00003284",11,5,1,5
"N00003285",8,2,0,6
"N00003286",14,7,1,6
"N00003287",6,0,0,6
"N00003288",20,8,1,11
"N00003289",19,2,4,13
"N00003290",29,10,0,19
"N00003291",38,17,1,20
"N00003292",14,6,2,6
"N00003293",39,10,4,25
"N00003294",30,11,1,18
"N00003295",104,20,11,73
"N00003296",31,4,2,25
"N00003297",44,9,1,34
"N00003298",78,14,9,55
"N00003299",78,18,8,52
"N00003300",17,3,2,12
"N00003301",27,8,1,18
"N00003302",44,6,5,33
"N00003303",41,11,8,22
"N00003304",18,4,1,13
"N00003305",47,12,0,35
"N00003306",62,18,4,40
"N00003307",38,16,1,21
"N00003308",196,53,21,122
"N00003309",22,8,3,11
"N00003310",17,9,2,6
"N00003311",114,30,12,72
"N00003312",52,16,3,33
"N00003313",34,2,1,31
"N00003314",66,31,1,34
"N00003315",9,3,0,6
"N00003316",19,8,3,8
"N00003317",20,7,0,13
"N00003318",75,21,1,53
"N00003319",26,7,0,19
"N00003320",25,7,0,18
"N00003321",27,9,3,15
"N00003322",30,10,0,20
"N00003323",36,9,6,21
"N00003324",15,0,3,12
"N00003325",27,5,1,21
"N00003326",15,1,1,13
"N00003327",18,4,0,14
"N00003328",6,3,0,3
"N00003329",30,4,3,23
"N00003330",22,3,4,15
"N00003331",28,5,4,19
"N00003332",25,8,3,14
"N00003333",21,6,0,15
"N00003334",24,8,0,16
"N00003335",17,5,0,12
"N00003336",24,6,1,17
"N00003337",20,9,0,11
"N00003338",13,3,0,10
"N00003339",34,13,0,21
"N00003340",11,2,0,9
"N00003341",28,9,3,16
"N00003342",30,11,1,18
"N00003343",24,7,0,17
"N00003344",10,1,1,8
"N00003345",52,22,2,28
"N00003346",76,27,8,41
"N00003347",70,25,3,42
"N00003348",76,32,3,41
"N00003349",58,20,3,35
"N00003350",46,19,0,27
"N00003351",34,12,0,22
"N00003352",28,9,2,17
"N00003353",26,4,9,13
"N00003354",47,20,6,21
"N00003355",40,20,7,13
"N00003356",25,5,3,17
"N00003357",26,12,1,13
"N00003358",37,16,5,16
"N00003359",29,12,4,13
"N00003360",8,2,0,6
"N00003361",16,3,2,11
"N00003362",22,5,1,16
"N00003363",48,16,5,27
"N00003364",32,2,7,23
"N00003365",39,13,0,26
"N00003366",21,6,2,13
"N00003367",19,6,3,10
"N00003368",14,3,2,9
"N00003369",10,2,2,6
"N00003370",12,2,0,10
"N00003371",18,6,2,10
"N00003372",18,3,1,14
"N00003373",15,3,0,12
"N00003374",19,2,0,17
"N00003375",14,4,2,8
"N00003376",19,9,0,10
"N00003377",13,4,5,4
"N00003378",9,2,1,6
"N00003379",17,3,0,14
"N00003380",15,0,1,14
"N00003381",30,4,2,24
"N00003382",6,0,0,6
"N00003383",9,2,4,3
"N00003384",19,9,1,9
"N00003385",30,10,2,18
"N00003386",20,4,2,14
"N00003387",21,9,0,12
"N00003388",15,4,1,10
"N00003389",47,12,0,35
"N00003390",24,7,0,17
"N00003391",7,3,1,3
"N00003392",35,7,1,27
"N00003393",22,5,0,17
"N00003394",29,7,1,21
"N00003395",7,1,0,6
"N00003396",27,15,0,12
"N00003397",32,9,4,19
"N00003398",35,15,3,17
"N00003399",43,16,1,26
"N00003400",40,9,4,27
"N00003401",43,14,4,25
"N00003402",29,8,5,16
"N00003403",27,8,3,16
"N00003404",22,4,2,16
"N00003405",19,7,1,11
"N00003406",20,5,1,14
"N00003407",22,4,4,14
"N00003408",24,2,0,22
"N00003409",8,3,0,5
"N00003410",33,15,1,17
"N00003411",17,7,1,9
"N00003412",22,3,3,16
"N00003413",14,5,3,6
"N00003414",24,5,3,16
"N00003415",18,7,2,9
"N00003416",19,5,0,14
"N00003417",24,8,3,13
"N00003418",10,2,3,5
"N00003419",16,3,1,12
"N00003420",18,8,4,6
"N00003421",16,4,1,11
"N00003422",29,7,0,22
"N00003423",14,3,1,10
"N00003424",23,12,0,11
"N00003425",9,2,0,7
"N00003426",45,11,2,32
"N00003427",16,6,3,7
"N00003428",15,2,0,13
"N00003429",10,4,1,5
"N00003430",19,7,1,11
"N00003431",15,5,0,10
"N00003432",11,5,0,6
"N00003433",14,6,0,8
"N00003434",21,5,2,14
"N00003435",10,3,1,6
"N00003436",24,9,2,13
"N00003437",28,8,2,18
"N00003438",19,6,0,13
"N00003439",12,4,1,7
"N00003440",14,5,1,8
"N00003441",15,4,0,11
"N00003442",9,5,0,4
"N00003443",30,8,1,21
"N00003444",34,10,1,23
"N00003445",28,12,3,13
"N00003446",25,15,2,8
"N00003447",8,2,2,4
"N00003448",27,14,1,12
"N00003449",26,5,0,21
"N00003450",23,8,0,15
"N00003451",32,17,2,13
"N00003452",30,14,5,11
"N00003453",10,5,1,4
"N00003454",23,10,0,13
"N00003455",16,4,1,11
"N00003456",10,4,0,6
"N00003457",15,8,1,6
"N00003458",25,10,0,15
"N00003459",8,0,2,6
"N00003460",36,13,2,21
"N00003461",16,5,1,10
"N00003462",34,11,3,20
"N00003463",23,5,2,16
"N00003464",22,5,1,16
"N00003465",18,9,0,9
"N00003466",11,3,0,8
"N00003467",10,6,0,4
"N00003468",8,2,1,5
"N00003469",12,2,1,9
"N00003470",31,15,1,15
"N00003471",14,7,0,7
"N00003472",17,2,1,14
"N00003473",29,9,1,19
"N00003474",19,4,0,15
"N00003475",61,23,4,34
"N00003476",46,14,1,31
"N00003477",13,2,1,10
"N00003478",56,24,2,30
"N00003479",46,18,2,26
"N00003480",10,3,1,6
"N00003481",12,4,0,8
"N00003482",12,3,1,8
"N00003483",23,6,1,16
"N00003484",21,6,2,13
"N00003485",9,2,1,6
"N00003486",24,7,3,14
"N00003487",22,4,1,17
"N00003488",18,3,4,11
"N00003489",39,11,0,28
"N00003490",18,3,2,13
"N00003491",45,15,6,24
"N00003492",27,13,1,13
"N00003493",55,16,8,31
"N00003494",67,23,6,38
"N00003495",37,12,0,25
"N00003496",66,17,6,43
"N00003497",33,10,1,22
"N00003498",14,5,0,9
"N00003499",20,4,3,13
"N00003500",12,5,3,4
"N00003501",23,8,3,12
"N00003502",7,3,0,4
"N00003503",40,5,2,33
"N00003504",23,6,6,11
"N00003505",14,2,4,8
"N00003506",24,10,1,13
"N00003507",14,4,2,8
"N00003508",15,7,1,7
"N00003509",15,4,3,8
"N00003510",15,7,0,8
"N00003511",12,5,1,6
"N00003512",19,6,2,11
"N00003513",23,7,2,14
"N00003514",56,13,10,33
"N00003515",25,5,3,17
"N00003516",34,6,4,24
"N00003517",45,11,2,32
"N00003518",13,2,1,10
"N00003519",12,0,1,11
"N00003520",20,5,1,14
"N00003521",31,19,1,11
"N00003522",28,11,1,16
"N00003523",31,8,4,19
"N00003524",77,26,12,39
"N00003525",19,8,1,10
"N00003526",16,3,3,10
"N00003527",45,11,3,31
"N00003528",68,19,1,48
"N00003529",39,9,1,29
"N00003530",27,6,0,21
"N00003531",38,16,1,21
"N00003532",35,10,1,24
"N00003533",39,6,1,32
"N00003534",20,4,0,16
"N00003535",41,9,2,30
"N00003536",50,12,1,37
"N00003537",19,3,1,15
"N00003538",28,9,2,17
"N00003539",21,7,0,14
"N00003540",19,2,1,16
"N00003541",14,4,2,8
"N00003542",12,0,1,11
"N00003543",39,13,0,26
"N00003544",18,7,1,10
"N00003545",36,13,1,22
"N00003546",14,1,0,13
"N00003547",37,9,1,27
"N00003548",111,21,8,82
"N00003549",42,9,0,33
"N00003550",49,11,5,33
"N00003551",35,10,2,23
"N00003552",26,6,0,20
"N00003553",29,9,0,20
"N00003554",21,10,0,11
"N00003555",28,8,2,18
"N00003556",50,14,0,36
"N00003557",7,2,0,5
"N00003558",34,6,3,25
"N00003559",31,5,1,25
"N00003560",43,14,1,28
"N00003561",28,10,0,18
"N00003562",27,5,1,21
"N00003563",43,20,1,22
"N00003564",32,12,0,20
"N00003565",40,11,1,28
"N00003566",45,9,1,35
"N00003567",36,3,2,31
"N00003568",19,7,0,12
"N00003569",52,7,3,42
"N00003570",43,6,3,34
"N00003571",14,6,0,8
"N00003572",28,5,1,22
"N00003573",39,18,4,17
"N00003574",43,11,2,30
"N00003575",43,8,2,33
"N00003576",26,8,1,17
"N00003577",25,2,1,22
"N00003578",35,10,1,24
"N00003579",37,9,1,27
"N00003580",41,3,2,36
"N00003581",49,12,3,34
"N00003582",41,11,1,29
"N00003583",44,11,0,33
"N00003584",28,7,1,20
"N00003585",23,2,2,19
"N00003586",13,2,1,10
"N00003587",27,5,2,20
"N00003588",47,8,0,39
"N00003589",52,15,1,36
"N00003590",44,8,1,35
"N00003591",34,2,0,32
"N00003592",24,5,0,19
"N00003593",39,10,0,29
"N00003594",47,6,5,36
"N00003595",23,7,1,15
"N00003596",21,3,0,18
"N00003597",28,5,2,21
"N00003598",20,6,2,12
"N00003599",22,9,3,10
"N00003600",37,10,3,24
"N00003601",37,3,0,34
"N00003602",33,10,0,23
"N00003603",28,8,1,19
"N00003604",19,4,1,14
"N00003605",19,5,3,11
"N00003606",25,6,1,18
"N00003607",29,12,1,16
"N00003608",32,11,2,19
"N00003609",31,8,3,20
"N00003610",20,8,3,9
"N00003611",13,1,1,11
"N00003612",40,6,1,33
"N00003613",21,6,1,14
"N00003614",36,10,1,25
"N00003615",19,5,1,13
"N00003616",32,1,2,29
"N00003617",20,8,0,12
"N00003618",53,8,3,42
"N00003619",30,7,1,22
"N00003620",41,12,0,29
"N00003621",35,9,0,26
"N00003622",48,11,1,36
"N00003623",22,5,0,17
"N00003624",31,12,0,19
"N00003625",24,1,2,21
"N00003626",21,9,2,10
"N00003627",10,3,0,7
"N00003628",4,1,0,3
"N00003629",24,6,0,18
"N00003630",20,7,0,13
"N00003631",8,3,0,5
"N00003632",13,1,0,12
"N00003633",10,0,0,10
"N00003634",19,5,3,11
"N00003635",20,2,2,16
"N00003636",20,3,2,15
"N00003637",33,6,0,27
"N00003638",45,10,3,32
"N00003639",24,4,1,19
"N00003640",21,0,0,21
"N00003641",23,6,4,13
"N00003642",16,5,1,10
"N00003643",17,3,0,14
"N00003644",14,2,1,11
"N00003645",30,9,0,21
"N00003646",46,10,0,36
"N00003647",45,11,2,32
"N00003648",30,7,2,21
"N00003649",40,15,2,23
"N00003650",26,6,0,20
"N00003651",20,5,0,15
"N00003652",53,15,2,36
"N00003653",27,9,0,18
"N00003654",17,1,1,15
"N00003655",9,0,0,9
"N00003656",33,8,3,22
"N00003657",18,5,3,10
"N00003658",38,6,2,30
"N00003659",18,6,0,12
"N00003660",18,0,0,18
"N00003661",27,8,0,19
"N00003662",7,1,0,6
"N00003663",24,1,0,23
"N00003664",26,4,0,22
"N00003665",25,5,1,19
"N00003666",28,6,0,22
"N00003667",13,5,3,5
"N00003668",19,3,2,14
"N00003669",26,9,0,17
"N00003670",31,9,5,17
"N00003671",16,1,0,15
"N00003672",13,5,1,7
"N00003673",5,1,0,4
"N00003674",20,4,2,14
"N00003675",19,4,2,13
"N00003676",9,3,1,5
"N00003677",23,5,5,13
"N00003678",26,11,1,14
"N00003679",21,6,3,12
"N00003680",13,3,0,10
"N00003681",17,3,0,14
"N00003682",9,1,0,8
"N00003683",12,4,0,8
"N00003684",27,7,7,13
"N00003685",25,9,1,15
"N00003686",27,8,2,17
"N00003687",37,14,3,20
"N00003688",15,5,0,10
"N00003689",9,4,0,5
"N00003690",28,5,1,22
"N00003691",32,9,1,22
"N00003692",20,6,3,11
"N00003693",26,7,0,19
"N00003694",34,11,1,22
"N00003695",30,6,2,22
"N00003696",18,5,0,13
"N00003697",50,12,3,35
"N00003698",45,9,4,32
"N00003699",37,8,1,28
"N00003700",39,14,2,23
"N00003701",51,18,1,32
"N00003702",56,18,6,32
"N00003703",39,12,1,26
"N00003704",21,8,0,13
"N00003705",20,5,5,10
"N00003706",31,9,1,21
"N00003707",59,28,6,25
"N00003708",45,11,7,27
"N00003709",34,11,2,21
"N00003710",30,9,2,19
"N00003711",32,9,1,22
"N00003712",17,2,1,14
"N00003713",34,10,2,22
"N00003714",33,11,2,20
"N00003715",10,1,0,9
"N00003716",12,3,0,9
"N00003717",12,1,1,10
"N00003718",137,36,9,92
"N00003719",32,11,0,21
"N00003720",48,18,3,27
"N00003721",35,5,0,30
"N00003722",22,4,1,17
"N00003723",38,4,2,32
"N00003724",35,4,1,30
"N00003725",14,3,1,10
"N00003726",45,11,3,31
"N00003727",22,1,1,20
"N00003728",29,11,2,16
"N00003729",13,3,0,10
"N00003730",47,8,7,32
"N00003731",30,6,3,21
"N00003732",39,12,4,23
"N00003733",35,6,6,23
"N00003734",37,7,1,29
"N00003735",20,2,4,14
"N00003736",25,9,0,16
"N00003737",54,10,7,37
"N00003738",16,3,4,9
"N00003739",21,4,2,15
"N00003740",20,5,3,12
"N00003741",8,4,1,3
"N00003742",23,6,6,11
"N00003743",44,17,1,26
"N00003744",30,13,1,16
"N00003745",28,3,3,22
"N00003746",29,10,0,19
"N00003747",19,7,2,10
"N00003748",25,6,3,16
"N00003749",39,14,5,20
"N00003750",48,21,3,24
"N00003751",40,10,2,28
"N00003752",37,10,4,23
"N00003753",35,14,3,18
"N00003754",26,8,0,18
"N00003755",36,14,0,22
"N00003756",22,3,3,16
"N00003757",25,10,1,14
"N00003758",38,13,3,22
"N00003759",15,8,1,6
"N00003760",11,3,0,8
"N00003761",19,5,0,14
"N00003762",28,13,0,15
"N00003763",30,11,2,17
"N00003764",44,19,2,23
"N00003765",29,9,3,17
"N00003766",41,14,2,25
"N00003767",47,9,1,37
"N00003768",37,9,5,23
"N00003769",19,4,3,12
"N00003770",26,5,2,19
"N00003771",36,15,7,14
"N00003772",8,3,0,5
"N00003773",15,2,2,11
"N00003774",33,12,1,20
"N00003775",32,13,0,19
"N00003776",24,4,1,19
"N00003777",17,7,1,9
"N00003778",24,2,5,17
"N00003779",35,10,1,24
"N00003780",42,11,2,29
"N00003781",46,17,6,23
"N00003782",49,16,4,29
"N00003783",14,2,1,11
"N00003784",40,13,0,27
"N00003785",44,17,2,25
"N00003786",33,11,1,21
"N00003787",42,12,1,29
"N00003788",25,4,1,20
"N00003789",38,12,0,26
"N00003790",20,1,2,17
"N00003791",43,11,4,28
"N00003792",14,4,1,9
"N00003793",60,21,1,38
"N00003794",40,9,6,25
"N00003795",44,14,7,23
"N00003796",37,8,3,26
"N00003797",41,15,4,22
"N00003798",47,15,3,29
"N00003799",17,2,2,13
"N00003800",36,7,0,29
"N00003801",26,5,1,20
"N00003802",16,0,0,16
"N00003803",19,6,0,13
"N00003804",24,3,1,20
"N00003805",24,11,0,13
"N00003806",19,6,0,13
"N00003807",10,3,0,7
"N00003808",17,7,0,10
"N00003809",24,6,2,16
"N00003810",4,2,0,2
"N00003811",20,6,2,12
"N00003812",19,3,1,15
"N00003813",20,6,0,14
"N00003814",20,4,1,15
"N00003815",28,10,2,16
"N00003816",26,7,1,18
"N00003817",34,12,4,18
"N00003818",30,9,0,21
"N00003819",16,4,1,11
"N00003820",26,5,0,21
"N00003821",26,9,2,15
"N00003822",37,7,1,29
"N00003823",48,14,2,32
"N00003824",44,15,4,25
"N00003825",64,17,3,44
"N00003826",55,24,1,30
"N00003827",56,20,2,34
"N00003828",24,6,3,15
"N00003829",43,13,1,29
"N00003830",39,7,2,30
"N00003831",10,2,0,8
"N00003832",32,3,3,26
"N00003833",34,12,2,20
"N00003834",29,7,0,22
"N00003835",25,2,1,22
"N00003836",20,7,2,11
"N00003837",32,3,1,28
"N00003838",21,6,2,13
"N00003839",41,11,0,30
"N00003840",30,4,1,25
"N00003841",15,4,2,9
"N00003842",21,6,0,15
"N00003843",18,4,1,13
"N00003844",44,6,2,36
"N00003845",24,9,0,15
"N00003846",35,5,1,29
"N00003847",7,2,0,5
"N00003848",19,9,1,9
"N00003849",46,7,2,37
"N00003850",29,9,0,20
"N00003851",29,10,0,19
"N00003852",20,9,0,11
"N00003853",37,9,0,28
"N00003854",31,2,2,27
"N00003855",29,8,0,21
"N00003856",30,8,1,21
"N00003857",36,7,2,27
"N00003858",47,14,0,33
"N00003859",28,6,1,21
"N00003860",60,16,4,40
"N00003861",37,8,3,26
"N00003862",28,5,2,21
"N00003863",12,7,1,4
"N00003864",21,7,2,12
"N00003865",11,5,0,6
"N00003866",11,2,0,9
"N00003867",47,15,4,28
"N00003868",12,3,0,9
"N00003869",87,32,5,50
"N00003870",7,4,0,3
"N00003871",52,19,3,30
"N00003872",11,1,1,9
"N00003873",77,24,9,44
"N00003874",37,13,2,22
"N00003875",30,4,3,23
"N00003876",41,11,6,24
"N00003877",31,10,3,18
"N00003878",31,10,2,19
"N00003879",24,13,0,11
"N00003880",21,3,2,16
"N00003881",48,13,10,25
"N00003882",19,10,1,8
"N00003883",67,21,7,39
"N00003884",50,25,2,23
"N00003885",24,9,1,14
"N00003886",19,3,3,13
"N00003887",20,5,1,14
"N00003888",17,6,0,11
"N00003889",39,14,0,25
"N00003890",8,2,1,5
"N00003891",28,6,4,18
"N00003892",17,7,0,10
"N00003893",13,7,1,5
"N00003894",15,3,1,11
"N00003895",9,1,3,5
"N00003896",17,6,0,11
"N00003897",18,5,2,11
"N00003898",32,15,2,15
"N00003899",26,11,0,15
"N00003900",25,4,2,19
"N00003901",17,7,0,10
"N00003902",22,8,1,13
"N00003903",43,14,6,23
"N00003904",30,12,4,14
"N00003905",3,2,0,1
"N00003906",10,2,0,8
"N00003907",18,7,2,9
"N00003908",8,5,1,2
"N00003909",21,8,4,9
"N00003910",13,5,0,8
"N00003911",69,26,2,41
"N00003912",17,5,0,12
"N00003913",4,0,0,4
"N00003914",20,7,2,11
"N00003915",20,4,4,12
"N00003916",36,10,5,21
"N00003917",16,2,3,11
"N00003918",7,2,1,4
"N00003919",18,7,4,7
"N00003920",19,8,3,8
"N00003921",15,8,1,6
"N00003922",18,9,2,7
"N00003923",9,8,0,1
"N00003924",23,8,0,15
"N00003925",17,9,0,8
"N00003926",26,8,2,16
"N00003927",19,7,2,10
"N00003928",20,6,1,13
"N00003929",17,6,5,6
"N00003930",16,7,1,8
"N00003931",9,4,0,5
"N00003932",11,4,0,7
"N00003933",59,12,4,43
"N00003934",22,6,3,13
"N00003935",27,7,2,18
"N00003936",34,10,1,23
"N00003937",22,9,0,13
"N00003938",10,6,0,4
"N00003939",24,10,1,13
"N00003940",24,7,1,16
"N00003941",31,12,1,18
"N00003942",36,9,2,25
"N00003943",31,10,1,20
"N00003944",18,5,3,10
"N00003945",20,7,0,13
"N00003946",27,9,4,14
"N00003947",33,10,3,20
"N00003948",19,5,2,12
"N00003949",22,6,1,15
"N00003950",18,8,2,8
"N00003951",11,2,0,9
"N00003952",15,2,0,13
"N00003953",15,3,0,12
"N00003954",8,2,0,6
"N00003955",11,4,1,6
"N00003956",30,13,3,14
"N00003957",12,3,2,7
"N00003958",32,9,7,16
"N00003959",12,1,2,9
"N00003960",7,3,1,3
"N00003961",12,6,6,0
"N00003962",42,19,1,22
"N00003963",14,5,2,7
"N00003964",18,5,1,12
"N00003965",14,7,0,7
"N00003966",10,1,5,4
"N00003967",37,17,1,19
"N00003968",17,4,0,13
"N00003969",12,5,1,6
"N00003970",16,5,1,10
"N00003971",22,10,3,9
"N00003972",14,3,0,11
"N00003973",30,14,1,15
"N00003974",68,27,10,31
"N00003975",26,9,2,15
"N00003976",27,9,4,14
"N00003977",29,12,1,16
"N00003978",33,17,1,15
"N00003979",30,9,0,21
"N00003980",27,10,0,17
"N00003981",11,1,1,9
"N00003982",7,6,1,0
"N00003983",9,4,0,5
"N00003984",22,7,5,10
"N00003985",12,3,1,8
"N00003986",4,0,0,4
"N00003987",15,2,0,13
"N00003988",11,5,1,5
"N00003989",4,3,0,1
"N00003990",23,10,0,13
"N00003991",11,0,2,9
"N00003992",17,7,0,10
"N00003993",25,11,0,14
"N00003994",32,10,0,22
"N00003995",23,3,0,20
"N00003996",9,2,0,7
"N00003997",20,5,1,14
"N00003998",19,5,0,14
"N00003999",14,4,2,8
"N00004000",8,2,1,5
"N00004001",26,5,4,17
"N00004002",8,1,1,6
"N00004003",19,6,2,11
"N00004004",10,3,1,6
"N00004005",8,3,0,5
"N00004006",9,4,1,4
"N00004007",20,2,2,16
"N00004008",35,13,2,20
"N00004009",18,9,1,8
"N00004010",23,9,2,12
"N00004011",33,12,4,17
"N00004012",16,6,0,10
"N00004013",29,9,7,13
"N00004014",29,11,1,17
"N00004015",23,9,1,13
"N00004016",21,11,1,9
"N00004017",19,9,0,10
"N00004018",17,7,2,8
"N00004019",33,16,4,13
"N00004020",34,12,5,17
"N00004021",21,6,4,11
"N00004022",15,1,2,12
"N00004023",9,3,3,3
"N00004024",15,5,1,9
"N00004025",25,8,7,10
"N00004026",13,6,0,7
"N00004027",18,10,0,8
"N00004028",19,7,3,9
"N00004029",11,1,0,10
"N00004030",10,1,0,9
"N00004031",12,1,1,10
"N00004032",12,4,2,6
"N00004033",16,7,3,6
"N00004034",4,0,0,4
"N00004035",10,5,1,4
"N00004036",8,3,1,4
"N00004037",15,0,6,9
"N00004038",12,2,0,10
"N00004039",20,9,3,8
"N00004040",15,4,0,11
"N00004041",21,7,1,13
"N00004042",44,15,1,28
"N00004043",20,6,0,14
"N00004044",21,9,3,9
"N00004045",21,5,4,12
"N00004046",24,10,4,10
"N00004047",111,37,9,65
"N00004048",43,19,0,24
"N00004049",23,7,0,16
"N00004050",65,22,3,40
"N00004051",112,31,1,80
"N00004052",23,9,2,12
"N00004053",16,9,0,7
"N00004054",35,11,3,21
"N00004055",8,2,0,6
"N00004056",38,11,4,23
"N00004057",35,9,2,24
"N00004058",73,28,8,37
"N00004059",86,35,3,48
"N00004060",75,27,6,42
"N00004061",62,24,7,31
"N00004062",47,17,2,28
"N00004063",70,25,6,39
"N00004064",52,18,4,30
"N00004065",7,2,0,5
"N00004066",13,4,4,5
"N00004067",12,6,0,6
"N00004068",15,3,0,12
"N00004069",13,9,0,4
"N00004070",10,3,0,7
"N00004071",14,0,2,12
"N00004072",15,0,2,13
"N00004073",85,24,7,54
"N00004074",17,4,1,12
"N00004075",48,20,0,28
"N00004076",23,11,1,11
"N00004077",15,5,0,10
"N00004078",11,3,0,8
"N00004079",9,4,0,5
"N00004080",21,10,1,10
"N00004081",17,2,0,15
"N00004082",23,8,0,15
"N00004083",19,8,3,8
"N00004084",15,6,1,8
"N00004085",89,36,8,45
"N00004086",9,3,1,5
"N00004087",204,81,28,95
"N00004088",17,2,0,15
"N00004089",23,5,1,17
"N00004090",612,222,78,312
"N00004091",606,229,64,313
"N00004092",17,1,0,16
"N00004093",15,3,3,9
"N00004094",37,15,1,21
"N00004095",16,6,3,7
"N00004096",16,10,0,6
"N00004097",41,18,2,21
"N00004098",14,4,2,8
"N00004099",23,10,0,13
"N00004100",22,11,1,10
"N00004101",9,3,0,6
"N00004102",10,3,0,7
"N00004103",3,1,0,2
"N00004104",14,4,0,10
"N00004105",4,0,0,4
"N00004106",8,2,2,4
"N00004107",10,5,2,3
"N00004108",9,1,0,8
"N00004109",13,6,0,7
"N00004110",17,6,5,6
"N00004111",25,7,8,10
"N00004112",31,8,4,19
"N00004113",44,16,0,28
"N00004114",13,6,0,7
"N00004115",35,14,0,21
"N00004116",67,24,9,34
"N00004117",52,25,6,21
"N00004118",23,7,2,14
"N00004119",15,5,3,7
"N00004120",12,3,3,6
"N00004121",36,10,6,20
"N00004122",41,16,4,21
"N00004123",25,7,4,14
"N00004124",13,2,1,10
"N00004125",22,6,1,15
"N00004126",24,14,0,10
"N00004127",19,3,3,13
"N00004128",26,3,1,22
"N00004129",22,4,2,16
"N00004130",12,2,2,8
"N00004131",12,8,0,4
"N00004132",19,9,2,8
"N00004133",24,8,1,15
"N00004134",17,7,1,9
"N00004135",21,8,2,11
"N00004136",31,12,1,18
"N00004137",32,9,2,21
"N00004138",21,3,5,13
"N00004139",32,19,1,12
"N00004140",26,10,1,15
"N00004141",21,3,2,16
"N00004142",20,8,2,10
"N00004143",26,11,0,15
"N00004144",43,14,6,23
"N00004145",19,5,0,14
"N00004146",24,16,0,8
"N00004147",22,6,4,12
"N00004148",11,3,1,7
"N00004149",15,8,0,7
"N00004150",19,6,0,13
"N00004151",11,4,1,6
"N00004152",14,6,0,8
"N00004153",20,7,1,12
"N00004154",18,11,0,7
"N00004155",16,6,2,8
"N00004156",8,3,1,4
"N00004157",36,10,5,21
"N00004158",25,14,0,11
"N00004159",7,1,1,5
"N00004160",5,2,0,3
"N00004161",16,5,1,10
"N00004162",8,4,0,4
"N00004163",26,8,2,16
"N00004164",35,9,9,17
"N00004165",19,6,0,13
"N00004166",17,9,0,8
"N00004167",16,5,1,10
"N00004168",7,1,1,5
"N00004169",23,7,4,12
"N00004170",16,5,1,10
"N00004171",11,1,1,9
"N00004172",11,2,2,7
"N00004173",9,3,2,4
"N00004174",11,4,0,7
"N00004175",18,5,0,13
"N00004176",14,3,4,7
"N00004177",6,0,0,6
"N00004178",26,9,4,13
"N00004179",28,7,2,19
"N00004180",11,3,0,8
"N00004181",21,6,1,14
"N00004182",23,6,4,13
"N00004183",0,0,0,0
"N00004184",15,6,2,7
"N00004185",37,17,1,19
"N00004186",18,6,0,12
"N00004187",9,1,1,7
"N00004188",17,5,0,12
"N00004189",4,1,0,3
"N00004190",18,6,2,10
"N00004191",27,8,2,17
"N00004192",17,2,2,13
"N00004193",13,3,3,7
"N00004194",16,5,6,5
"N00004195",16,2,1,13
"N00004196",49,14,7,28
"N00004197",8,0,3,5
"N00004198",12,2,2,8
"N00004199",54,16,6,32
"N00004200",23,11,0,12
"N00004201",29,13,5,11
"N00004202",18,5,3,10
"N00004203",11,5,0,6
"N00004204",23,7,5,11
"N00004205",17,4,5,8
"N00004206",19,3,4,12
"N00004207",19,5,0,14
"N00004208",15,3,0,12
"N00004209",39,11,6,22
"N00004210",12,0,3,9
"N00004211",24,9,4,11
"N00004212",89,24,14,51
"N00004213",19,2,3,14
"N00004214",16,4,3,9
"N00004215",21,6,3,12
"N00004216",20,10,3,7
"N00004217",14,3,2,9
"N00004218",13,5,0,8
"N00004219",30,8,2,20
"N00004220",27,8,1,18
"N00004221",31,7,0,24
"N00004222",30,13,2,15
"N00004223",11,5,0,6
"N00004224",23,5,1,17
"N00004225",21,8,2,11
"N00004226",36,9,1,26
"N00004227",7,2,0,5
"N00004228",24,2,1,21
"N00004229",16,5,0,11
"N00004230",18,5,0,13
"N00004231",10,1,1,8
"N00004232",13,6,0,7
"N00004233",8,2,0,6
"N00004234",12,2,1,9
"N00004235",16,6,1,9
"N00004236",21,8,0,13
"N00004237",15,3,0,12
"N00004238",27,9,1,17
"N00004239",16,7,0,9
"N00004240",19,8,0,11
"N00004241",17,7,0,10
"N00004242",22,6,0,16
"N00004243",11,5,0,6
"N00004244",11,3,0,8
"N00004245",10,5,1,4
"N00004246",23,5,3,15
"N00004247",16,8,4,4
"N00004248",6,3,1,2
"N00004249",5,3,0,2
"N00004250",11,5,0,6
"N00004251",16,4,3,9
"N00004252",19,10,1,8
"N00004253",13,3,0,10
"N00004254",15,5,1,9
"N00004255",4,0,0,4
"N00004256",32,10,4,18
"N00004257",3,0,0,3
"N00004258",12,6,0,6
"N00004259",11,4,1,6
"N00004260",8,3,0,5
"N00004261",10,4,1,5
"N00004262",16,5,3,8
"N00004263",5,1,1,3
"N00004264",27,7,1,19
"N00004265",12,3,4,5
"N00004266",22,3,2,17
"N00004267",32,13,4,15
"N00004268",25,10,1,14
"N00004269",22,6,3,13
"N00004270",18,5,1,12
"N00004271",17,7,2,8
"N00004272",20,5,1,14
"N00004273",19,8,1,10
"N00004274",16,3,1,12
"N00004275",18,7,0,11
"N00004276",35,10,0,25
"N00004277",10,4,0,6
"N00004278",18,7,1,10
"N00004279",16,5,1,10
"N00004280",14,4,0,10
"N00004281",20,5,3,12
"N00004282",9,6,0,3
"N00004283",23,7,1,15
"N00004284",20,6,0,14
"N00004285",27,5,1,21
"N00004286",18,5,2,11
"N00004287",40,16,2,22
"N00004288",7,5,0,2
"N00004289",8,2,0,6
"N00004290",26,11,3,12
"N00004291",19,4,0,15
"N00004292",10,2,1,7
"N00004293",8,1,0,7
"N00004294",16,5,1,10
"N00004295",10,3,1,6
"N00004296",17,6,1,10
"N00004297",20,5,1,14
"N00004298",26,10,2,14
"N00004299",38,12,2,24
"N00004300",5,0,0,5
"N00004301",26,10,0,16
"N00004302",39,6,4,29
"N00004303",16,5,1,10
"N00004304",17,8,0,9
"N00004305",13,3,2,8
"N00004306",11,8,0,3
"N00004307",17,5,0,12
"N00004308",20,10,2,8
"N00004309",11,5,2,4
"N00004310",9,3,1,5
"N00004311",7,0,1,6
"N00004312",22,5,3,14
"N00004313",11,3,0,8
"N00004314",22,6,2,14
"N00004315",21,3,3,15
"N00004316",21,10,0,11
"N00004317",11,3,0,8
"N00004318",18,6,0,12
"N00004319",13,6,2,5
"N00004320",11,4,0,7
"N00004321",43,13,2,28
"N00004322",15,3,4,8
"N00004323",11,6,0,5
"N00004324",8,3,0,5
"N00004325",10,4,0,6
"N00004326",12,3,0,9
"N00004327",16,5,2,9
"N00004328",14,4,0,10
"N00004329",14,5,0,9
"N00004330",23,11,2,10
"N00004331",14,8,0,6
"N00004332",13,5,0,8
"N00004333",11,4,0,7
"N00004334",8,0,0,8
"N00004335",9,1,0,8
"N00004336",21,7,1,13
"N00004337",18,7,3,8
"N00004338",25,4,0,21
"N00004339",35,8,0,27
"N00004340",32,9,2,21
"N00004341",32,5,1,26
"N00004342",55,11,4,40
"N00004343",24,7,2,15
"N00004344",15,4,0,11
"N00004345",30,10,1,19
"N00004346",35,6,8,21
"N00004347",39,11,3,25
"N00004348",7,2,0,5
"N00004349",15,1,2,12
"N00004350",58,13,4,41
"N00004351",29,6,0,23
"N00004352",53,12,3,38
"N00004353",29,11,2,16
"N00004354",26,6,3,17
"N00004355",16,4,1,11
"N00004356",20,4,0,16
"N00004357",98,26,8,64
"N00004358",22,9,3,10
"N00004359",49,11,0,38
"N00004360",22,4,0,18
"N00004361",21,3,0,18
"N00004362",31,9,1,21
"N00004363",35,12,1,22
"N00004364",28,9,2,17
"N00004365",39,3,4,32
"N00004366",18,3,1,14
"N00004367",47,17,2,28
"N00004368",38,9,0,29
"N00004369",36,7,3,26
"N00004370",41,8,4,29
"N00004371",35,11,4,20
"N00004372",50,10,5,35
"N00004373",48,4,6,38
"N00004374",19,3,1,15
"N00004375",56,8,3,45
"N00004376",28,5,1,22
"N00004377",34,12,0,22
"N00004378",13,5,0,8
"N00004379",23,2,1,20
"N00004380",22,9,0,13
"N00004381",17,5,2,10
"N00004382",25,4,0,21
"N00004383",14,3,0,11
"N00004384",9,0,1,8
"N00004385",22,9,0,13
"N00004386",46,12,0,34
"N00004387",25,4,0,21
"N00004388",22,4,0,18
"N00004389",41,14,0,27
"N00004390",31,9,2,20
"N00004391",36,7,0,29
"N00004392",25,3,7,15
"N00004393",20,1,1,18
"N00004394",6,1,1,4
"N00004395",14,4,0,10
"N00004396",23,12,0,11
"N00004397",17,0,2,15
"N00004398",32,9,0,23
"N00004399",47,15,1,31
"N00004400",41,9,4,28
"N00004401",61,8,3,50
"N00004402",81,13,8,60
"N00004403",18,5,0,13
"N00004404",33,7,1,25
"N00004405",41,6,1,34
"N00004406",24,7,3,14
"N00004407",31,10,2,19
"N00004408",22,4,3,15
"N00004409",45,11,0,34
"N00004410",59,25,2,32
"N00004411",43,15,3,25
"N00004412",30,3,7,20
"N00004413",10,2,1,7
"N00004414",7,0,0,7
"N00004415",63,15,3,45
"N00004416",36,6,2,28
"N00004417",44,12,2,30
"N00004418",32,5,1,26
"N00004419",29,13,1,15
"N00004420",42,9,2,31
"N00004421",25,3,2,20
"N00004422",30,7,3,20
"N00004423",37,8,1,28
"N00004424",22,5,1,16
"N00004425",35,9,3,23
"N00004426",26,9,1,16
"N00004427",43,10,9,24
"N00004428",32,8,0,24
"N00004429",46,12,4,30
"N00004430",41,7,2,32
"N00004431",39,10,0,29
"N00004432",1,0,0,1
"N00004433",40,14,2,24
"N00004434",21,4,4,13
"N00004435",13,5,2,6
"N00004436",28,2,2,24
"N00004437",26,0,0,26
"N00004438",48,9,0,39
"N00004439",41,2,3,36
"N00004440",54,18,5,31
"N00004441",49,11,3,35
"N00004442",34,9,2,23
"N00004443",41,12,5,24
"N00004444",15,1,2,12
"N00004445",9,1,1,7
"N00004446",28,7,2,19
"N00004447",22,4,6,12
"N00004448",29,8,2,19
"N00004449",37,7,0,30
"N00004450",23,4,0,19
"N00004451",41,10,4,27
"N00004452",33,6,7,20
"N00004453",22,3,0,19
"N00004454",24,3,3,18
"N00004455",20,2,4,14
"N00004456",15,1,1,13
"N00004457",21,6,0,15
"N00004458",29,7,0,22
"N00004459",56,10,1,45
"N00004460",11,3,0,8
"N00004461",21,2,1,18
"N00004462",18,0,1,17
"N00004463",36,7,2,27
"N00004464",27,4,1,22
"N00004465",35,10,1,24
"N00004466",21,4,3,14
"N00004467",24,5,1,18
"N00004468",29,10,0,19
"N00004469",20,1,2,17
"N00004470",12,2,1,9
"N00004471",24,2,2,20
"N00004472",62,7,4,51
"N00004473",27,4,0,23
"N00004474",39,3,1,35
"N00004475",15,5,0,10
"N00004476",16,5,1,10
"N00004477",28,4,1,23
"N00004478",38,9,2,27
"N00004479",36,14,1,21
"N00004480",41,8,2,31
"N00004481",39,8,4,27
"N00004482",22,2,4,16
"N00004483",19,4,2,13
"N00004484",38,7,1,30
"N00004485",40,4,1,35
"N00004486",27,2,1,24
"N00004487",35,4,3,28
"N00004488",24,5,0,19
"N00004489",18,1,0,17
"N00004490",37,13,3,21
"N00004491",16,4,0,12
"N00004492",16,4,0,12
"N00004493",25,6,0,19
"N00004494",16,1,1,14
"N00004495",16,2,0,14
"N00004496",56,13,8,35
"N00004497",24,5,4,15
"N00004498",113,27,16,70
"N00004499",7,1,1,5
"N00004500",11,5,0,6
"N00004501",37,12,4,21
"N00004502",22,4,0,18
"N00004503",31,10,0,21
"N00004504",20,2,1,17
"N00004505",21,5,4,12
"N00004506",21,6,0,15
"N00004507",16,5,1,10
"N00004508",40,11,3,26
"N00004509",19,5,0,14
"N00004510",17,3,0,14
"N00004511",6,0,0,6
"N00004512",18,6,2,10
"N00004513",34,9,1,24
"N00004514",42,17,4,21
"N00004515",27,4,3,20
"N00004516",20,5,2,13
"N00004517",15,1,0,14
"N00004518",15,4,2,9
"N00004519",26,7,4,15
"N00004520",86,26,1,59
"N00004521",25,6,8,11
"N00004522",36,9,5,22
"N00004523",27,4,0,23
"N00004524",15,3,4,8
"N00004525",27,8,4,15
"N00004526",21,8,0,13
"N00004527",20,5,0,15
"N00004528",31,8,3,20
"N00004529",20,8,0,12
"N00004530",24,4,2,18
"N00004531",31,5,1,25
"N00004532",30,8,0,22
"N00004533",20,6,1,13
"N00004534",75,18,16,41
"N00004535",45,16,8,21
"N00004536",12,4,1,7
"N00004537",13,4,2,7
